[
{
    "model": "sessions.session",
    "pk": "0kxy0xe5hvbnd8c5oqhlqvx95zstbnwd",
    "fields": {
        "session_data": ".eJxVjMEOwiAQRP-FsyGBBVo8evcbyLIsUjWQlPbU-O-2SQ96nHlvZhMB16WEtfMcpiSuQonLbxeRXlwPkJ5YH01Sq8s8RXko8qRd3lvi9-10_w4K9rKvwQyeDI_sswOVyA8j55T3jNpZY4AxK-80pOhYWUCM2kbLZDR5IC0-X-9IOEg:1tN7EH:B9krEYV7TH-FcDbRd20J-lZncpteT235cqeXWFnj-Xs",
        "expire_date": "2024-12-30T09:17:29.363Z"
    }
},
{
    "model": "sessions.session",
    "pk": "0ywxs82all9naqjbfkajm4vh3jv5wvug",
    "fields": {
        "session_data": ".eJxVjMEOwiAQRP-FsyGBBVo8evcbyLIsUjWQlPbU-O-2SQ96nHlvZhMB16WEtfMcpiSuQonLbxeRXlwPkJ5YH01Sq8s8RXko8qRd3lvi9-10_w4K9rKvwQyeDI_sswOVyA8j55T3jNpZY4AxK-80pOhYWUCM2kbLZDR5IC0-X-9IOEg:1tOAXt:Mzl4z-zn5c-e_ynY-jXVoyouu0fTmXx7QczJ1VIjZwc",
        "expire_date": "2025-01-02T07:02:05.585Z"
    }
},
{
    "model": "sessions.session",
    "pk": "a2x0r8wdd0v44xv0plh8as2fogv5nuf9",
    "fields": {
        "session_data": ".eJxVjDsOwjAQBe_iGllZ_7KhpOcM1nq9wQHkSHFSIe4OkVJA-2bmvVSkbS1xa7LEKauzAnX63RLxQ-oO8p3qbdY813WZkt4VfdCmr3OW5-Vw_w4KtfKtMQg6DGFI3hCIIHBvxcLoOt-h7wcAYHRGTM4pwejJkjAnC4iAhtX7A8ULN3A:1tSdgv:cw8TzLt4zQt7SlwfuqJhPQ6tLFMSk4XVspSE98QaAl0",
        "expire_date": "2025-01-14T14:57:53.837Z"
    }
},
{
    "model": "sessions.session",
    "pk": "awtk64q48uvfkj0x6d8o6ph4sep9mi7d",
    "fields": {
        "session_data": ".eJxVjEEOwiAQRe_C2pDSgUJduu8ZyMAMUjWQlHZlvLtt0oVu_3vvv4XHbc1-a7z4mcRVKHH53QLGJ5cD0APLvcpYy7rMQR6KPGmTUyV-3U737yBjy3utwwhsO636iIBKp9GZQAlxgIjOKJN0xMg0dMw2KAsOICmwuHeGexKfL_EwOFU:1tg15X:n0fG2mucZA-mf-9AQ8FIN8I5888xTc4Yx_RRWgFGDJo",
        "expire_date": "2025-02-20T12:34:35.095Z"
    }
},
{
    "model": "sessions.session",
    "pk": "dg95pbtaag67rnabhratoxb5l6hxe1dw",
    "fields": {
        "session_data": ".eJxVjEEOwiAQRe_C2pDSgUJduu8ZyMAMUjWQlHZlvLtt0oVu_3vvv4XHbc1-a7z4mcRVKHH53QLGJ5cD0APLvcpYy7rMQR6KPGmTUyV-3U737yBjy3utwwhsO636iIBKp9GZQAlxgIjOKJN0xMg0dMw2KAsOICmwuHeGexKfL_EwOFU:1tcMQS:RN6rP9F2yIHm707hL2-uoVPYVovJYe3O0bRkALH9fro",
        "expire_date": "2025-02-10T10:33:04.122Z"
    }
},
{
    "model": "sessions.session",
    "pk": "szxs8ng4325u3r6wrqx9jbwgchvx6o30",
    "fields": {
        "session_data": ".eJxVjEEOwiAQRe_C2pDSgUJduu8ZyMAMUjWQlHZlvLtt0oVu_3vvv4XHbc1-a7z4mcRVKHH53QLGJ5cD0APLvcpYy7rMQR6KPGmTUyV-3U737yBjy3utwwhsO636iIBKp9GZQAlxgIjOKJN0xMg0dMw2KAsOICmwuHeGexKfL_EwOFU:1tdQxd:PBx3D1n8uH_8h633BMETFFl44Joznlx0gOSIyTyhnrU",
        "expire_date": "2025-02-13T09:35:45.312Z"
    }
},
{
    "model": "core.profile",
    "fields": {
        "password": "pbkdf2_sha256$870000$vi52PimhSZU2Pv09ubmcR4$iL/Ic++/tCXUkJ5MZdLNCPOomQzXUXNv/BW7KFx7kwk=",
        "last_login": "2025-02-06T12:34:35.084Z",
        "is_superuser": true,
        "username": "Yonas",
        "first_name": "Yonas",
        "last_name": "Zeratsion",
        "is_staff": true,
        "is_active": true,
        "role": "admin",
        "department": "System Developer",
        "date_joined": "2024-12-16",
        "contact_number": "0700963106",
        "address": "rockeskõrsgatan 28A",
        "email": "yonasasmerom40@gmail.com",
        "image": "Pictures/1000019501_HhFi0TW.webp",
        "is_password_changed": false,
        "groups": [],
        "user_permissions": []
    }
},
{
    "model": "core.profile",
    "fields": {
        "password": "pbkdf2_sha256$870000$swCcsznWCr1Oo5RsNNUUuo$AOu7JY+pdtxlVgo6FrArKPyQiSgAVFKnpJYbA706nTc=",
        "last_login": null,
        "is_superuser": false,
        "username": "Jonas",
        "first_name": "Jonas",
        "last_name": "Zeratsion",
        "is_staff": false,
        "is_active": true,
        "role": "employee",
        "department": "Hemtjõnst",
        "date_joined": "2024-12-18",
        "contact_number": "0700963106",
        "address": "rockeskõrsgatan 28B",
        "email": "jonasasmer40@gmail.com",
        "image": "",
        "is_password_changed": true,
        "groups": [],
        "user_permissions": []
    }
},
{
    "model": "core.profile",
    "fields": {
        "password": "pbkdf2_sha256$870000$Tj1TbqKU3IwWOxCzJjn6eR$iAYV4sHNjBXL2q26gnTqy4ZcT5pSIzETMMTpwrOtKBE=",
        "last_login": null,
        "is_superuser": false,
        "username": "Hanes",
        "first_name": "Hanes",
        "last_name": "Andersson",
        "is_staff": false,
        "is_active": true,
        "role": "employee",
        "department": "Hemtjõnst",
        "date_joined": "2024-12-16",
        "contact_number": "0700962817",
        "address": "rockeskõrsgatan 28A",
        "email": "test@gmail.com",
        "image": "",
        "is_password_changed": true,
        "groups": [],
        "user_permissions": []
    }
},
{
    "model": "core.profile",
    "fields": {
        "password": "pbkdf2_sha256$870000$D2VVp5XcRihZ377nf0DvRV$of369IEc/CE6tBObid4DHJtZgGQb/TPdMM1nXzPcLcw=",
        "last_login": null,
        "is_superuser": false,
        "username": "Mohammad",
        "first_name": "Mohammad",
        "last_name": "Nour",
        "is_staff": false,
        "is_active": true,
        "role": "employee",
        "department": "Hemtjõnst",
        "date_joined": "2024-12-16",
        "contact_number": "0707688389",
        "address": "Võjern",
        "email": "test1@gmail.com",
        "image": "",
        "is_password_changed": false,
        "groups": [],
        "user_permissions": []
    }
},
{
    "model": "core.profile",
    "fields": {
        "password": "pbkdf2_sha256$870000$1bshamDnLh1TavIsDrQezK$BTAMUK4q0f6wIvmnXqcggjHKzxmgpWPbWlMT/ywh13w=",
        "last_login": null,
        "is_superuser": false,
        "username": "Oscar",
        "first_name": "Oscar",
        "last_name": "Th÷rnkvist",
        "is_staff": false,
        "is_active": true,
        "role": "manager",
        "department": "Hemtjõnst",
        "date_joined": "2024-12-22",
        "contact_number": "0700665522",
        "address": "uddevalla 25",
        "email": "oscar@tesia.se",
        "image": "Pictures/WhatsApp_Image_2024-12-21_at_17_1Y15ytw.39.43_18b1f820.jpg",
        "is_password_changed": false,
        "groups": [],
        "user_permissions": []
    }
},
{
    "model": "core.profile",
    "fields": {
        "password": "pbkdf2_sha256$870000$gjATLh1vg7YnhqC5x9kCPn$+DdMLftE79+mW6/hnBcOjEHyQO41zG23AR7Xee2/9f8=",
        "last_login": null,
        "is_superuser": false,
        "username": "Marcus",
        "first_name": "",
        "last_name": "",
        "is_staff": false,
        "is_active": true,
        "role": "employee",
        "department": "Hemtjõnst",
        "date_joined": "2024-12-22",
        "contact_number": "0709845020",
        "address": "rockeskõrsgatan 28H",
        "email": "test3@gmail.com",
        "image": "",
        "is_password_changed": true,
        "groups": [],
        "user_permissions": []
    }
},
{
    "model": "core.profile",
    "fields": {
        "password": "pbkdf2_sha256$870000$2LwZmmt2bz0A7ZQVBwaH9A$7vur6X0dpE9FDPwTcc1Wa5N9veXn50V0dqmiOW51Ukg=",
        "last_login": null,
        "is_superuser": false,
        "username": "James",
        "first_name": "James",
        "last_name": "Lind",
        "is_staff": false,
        "is_active": true,
        "role": "employee",
        "department": "Hemtjõnst",
        "date_joined": "2024-12-26",
        "contact_number": "0700962814",
        "address": "rockeskõrsgatan 28D",
        "email": "test5@gmail.com",
        "image": "",
        "is_password_changed": false,
        "groups": [],
        "user_permissions": []
    }
},
{
    "model": "core.profile",
    "fields": {
        "password": "pbkdf2_sha256$870000$XGO0Stct6ssCTN9l7KEtcw$vxo7HZo+UZBpQxIuf93fpTDLUv3ciudGYsd/UE2bQQY=",
        "last_login": null,
        "is_superuser": false,
        "username": "Nicklas",
        "first_name": "Nicklas",
        "last_name": "Johansson",
        "is_staff": false,
        "is_active": true,
        "role": "employee",
        "department": "Hemtjõnst",
        "date_joined": "2024-12-26",
        "contact_number": "0700963815",
        "address": "rockeskõrsgatan 28L",
        "email": "test8@gmail.com",
        "image": "",
        "is_password_changed": false,
        "groups": [],
        "user_permissions": []
    }
},
{
    "model": "core.profile",
    "fields": {
        "password": "pbkdf2_sha256$870000$Cxyrgd4Grvwq5GsWdksySi$1dE4GsD5dlL5QrFcuYKiVjIDIDO9AqrUL3t7mbzTYs8=",
        "last_login": null,
        "is_superuser": false,
        "username": "Natu",
        "first_name": "Natu",
        "last_name": "Ghirme",
        "is_staff": false,
        "is_active": true,
        "role": "employee",
        "department": "Hemtjõnst",
        "date_joined": "2024-12-26",
        "contact_number": "0700963814",
        "address": "rockeskõrsgatan 28W",
        "email": "test7@gmail.com",
        "image": "Pictures/WhatsApp_Image_2023-12-10_at_20_T6sqNey.03.37_92671086.jpg",
        "is_password_changed": false,
        "groups": [],
        "user_permissions": []
    }
},
{
    "model": "core.profile",
    "fields": {
        "password": "pbkdf2_sha256$870000$OJ2kZRcfInpjddApqMyMFo$BjzIz8AnLmhSD2rLuW7NtLUC37rFKOfmhcID/rLFIZM=",
        "last_login": null,
        "is_superuser": false,
        "username": "Thomas",
        "first_name": "Thomas",
        "last_name": "Esak",
        "is_staff": false,
        "is_active": true,
        "role": "employee",
        "department": "Hemtjõnst",
        "date_joined": "2024-12-27",
        "contact_number": "0700963813",
        "address": "rockeskõrsgatan 28R",
        "email": "test9@gmail.com",
        "image": "Pictures/WhatsApp_Image_2023-12-10_at_20.03.37_92671086.jpg",
        "is_password_changed": true,
        "groups": [],
        "user_permissions": []
    }
},
{
    "model": "core.profile",
    "fields": {
        "password": "pbkdf2_sha256$870000$Qa4jRaQ9jotXsMssYgw0gD$ME95aiamz+9io1npqKqGwP5DaCExhC00mEtKh4uMW4E=",
        "last_login": null,
        "is_superuser": false,
        "username": "Hans",
        "first_name": "",
        "last_name": "",
        "is_staff": false,
        "is_active": true,
        "role": "employee",
        "department": "Hemtjõnst",
        "date_joined": "2024-12-28",
        "contact_number": null,
        "address": null,
        "email": "test6@gmail.com",
        "image": "",
        "is_password_changed": true,
        "groups": [],
        "user_permissions": []
    }
},
{
    "model": "core.profile",
    "fields": {
        "password": "pbkdf2_sha256$870000$jwJZod3rK4jT5YVDEDrVvG$20yw6pmzZarweREBu8tsaxhTsuZ7z+uor3b2auZodnw=",
        "last_login": null,
        "is_superuser": false,
        "username": "Tyson",
        "first_name": "",
        "last_name": "",
        "is_staff": false,
        "is_active": true,
        "role": "employee",
        "department": "Hemtjõnst",
        "date_joined": "2024-12-28",
        "contact_number": null,
        "address": null,
        "email": "test02@gmail.com",
        "image": "",
        "is_password_changed": false,
        "groups": [],
        "user_permissions": []
    }
},
{
    "model": "core.profile",
    "fields": {
        "password": "pbkdf2_sha256$870000$Akzo2X1QZje1Kuwqayc4Zn$FgnNNASa52q5GwFtvG6O7+a20SynYnIHrNdJ50KBe6I=",
        "last_login": null,
        "is_superuser": false,
        "username": "Nor",
        "first_name": "",
        "last_name": "",
        "is_staff": false,
        "is_active": true,
        "role": "employee",
        "department": "Hemtjõnst",
        "date_joined": "2024-12-28",
        "contact_number": null,
        "address": null,
        "email": "test03@gmail.com",
        "image": "",
        "is_password_changed": false,
        "groups": [],
        "user_permissions": []
    }
},
{
    "model": "core.profile",
    "fields": {
        "password": "pbkdf2_sha256$870000$7tMJ2vKujmAq7toqmpJ4fh$UHY8tWALHoj0QwJSZY2PRxRfc2DBOHfMHOp4QIxfvZs=",
        "last_login": null,
        "is_superuser": false,
        "username": "Simon",
        "first_name": "Simon",
        "last_name": "Teklu",
        "is_staff": false,
        "is_active": true,
        "role": "employee",
        "department": "Servitor",
        "date_joined": "2025-01-11",
        "contact_number": "004797350686",
        "address": "anderdammen 1",
        "email": "steklu2311@gmail.com",
        "image": "",
        "is_password_changed": true,
        "groups": [],
        "user_permissions": []
    }
},
{
    "model": "core.profile",
    "fields": {
        "password": "pbkdf2_sha256$870000$W7pZLPah4F7evH7MjY8QxM$fyTuobiTkvQkR8v3JF61KwgWCYTjz0B0O4IcETZ/4Gc=",
        "last_login": null,
        "is_superuser": false,
        "username": "Mikel",
        "first_name": "Mikel",
        "last_name": "TK",
        "is_staff": false,
        "is_active": true,
        "role": "employee",
        "department": "Servitor",
        "date_joined": "2025-01-17",
        "contact_number": "004797350686",
        "address": "anderdammen 1",
        "email": "mikel@gmail.com",
        "image": "",
        "is_password_changed": false,
        "groups": [],
        "user_permissions": []
    }
},
{
    "model": "core.profile",
    "fields": {
        "password": "pbkdf2_sha256$870000$IL1BqET6SASbcqZ4z1gLM3$wayQSrMmb8vkdNNfqr8R0aNSQEqRKIlEWssTOk7zhY4=",
        "last_login": null,
        "is_superuser": false,
        "username": "Manager",
        "first_name": "",
        "last_name": "",
        "is_staff": false,
        "is_active": true,
        "role": "manager",
        "department": "yonasasmerom40@gmail.com",
        "date_joined": "2025-01-24",
        "contact_number": null,
        "address": null,
        "email": "manager@gmail.com",
        "image": "",
        "is_password_changed": false,
        "groups": [],
        "user_permissions": []
    }
},
{
    "model": "core.profile",
    "fields": {
        "password": "pbkdf2_sha256$870000$MYgVwo6TqbrJaxPLWopbjl$j2dCXSM+gNIGBeoSDXwEyQceHGVhAY7sbADSuuwG2Ws=",
        "last_login": null,
        "is_superuser": false,
        "username": "Test",
        "first_name": "Test",
        "last_name": "Test",
        "is_staff": false,
        "is_active": true,
        "role": "employee",
        "department": "System Developer",
        "date_joined": "2025-01-24",
        "contact_number": "154241111",
        "address": "12411214454",
        "email": "emp@gmail.com",
        "image": "",
        "is_password_changed": false,
        "groups": [],
        "user_permissions": []
    }
},
{
    "model": "core.profile",
    "fields": {
        "password": "pbkdf2_sha256$870000$JBGsDv1vmPmOQcu92dPbah$l8EdnWt+6zSJEh5ldMjwQ2lpXuOQgbB0URw6K/UIO7U=",
        "last_login": null,
        "is_superuser": false,
        "username": "Hansss",
        "first_name": "Test",
        "last_name": "Test",
        "is_staff": false,
        "is_active": true,
        "role": "employee",
        "department": "Hemtjõnst",
        "date_joined": "2025-01-30",
        "contact_number": "0700963106",
        "address": "12411214454",
        "email": "emp2@gmail.com",
        "image": "",
        "is_password_changed": false,
        "groups": [],
        "user_permissions": []
    }
},
{
    "model": "core.profile",
    "fields": {
        "password": "pbkdf2_sha256$870000$0WLIbteoRgTWYHT5WYSGYo$pKUsh1whHW33j31/frGNkF/ZyAwdVZfLD4ZxpaRoAVM=",
        "last_login": null,
        "is_superuser": false,
        "username": "Akram",
        "first_name": "Akram",
        "last_name": "Hussein",
        "is_staff": false,
        "is_active": true,
        "role": "employee",
        "department": "Hemtjõnst",
        "date_joined": "2025-01-31",
        "contact_number": "0700998877",
        "address": "Str÷mstadsvõgen 22C",
        "email": "Akram@gmail.com",
        "image": "",
        "is_password_changed": false,
        "groups": [],
        "user_permissions": []
    }
},
{
    "model": "core.profile",
    "fields": {
        "password": "pbkdf2_sha256$870000$X4KDbQHKkBWnRFIUCrSaiL$eQsezC2RYerEf3r5TFtjM8e+3aI8O4MCJVoL6nFCVMs=",
        "last_login": null,
        "is_superuser": false,
        "username": "Rahel",
        "first_name": "",
        "last_name": "",
        "is_staff": false,
        "is_active": true,
        "role": "employee",
        "department": "Hemtjõnst",
        "date_joined": "2025-02-04",
        "contact_number": null,
        "address": null,
        "email": "rahel@gmail.com",
        "image": "",
        "is_password_changed": true,
        "groups": [],
        "user_permissions": []
    }
},
{
    "model": "core.profile",
    "fields": {
        "password": "pbkdf2_sha256$870000$eAvNVKP2wBSs5bKu0WxfEg$cvY4ksdndTfrF7q3TrjwDVCLqUyitVevcIhUkKJa+kQ=",
        "last_login": null,
        "is_superuser": false,
        "username": "Yorexi",
        "first_name": "Yoran",
        "last_name": "Zeray",
        "is_staff": false,
        "is_active": true,
        "role": "employee",
        "department": "Hemtjõnst",
        "date_joined": "2025-02-04",
        "contact_number": "0109073892",
        "address": "Kampala, Uganda",
        "email": "Yoran@gmail.com",
        "image": "Pictures/WhatsApp_Image_2024-10-15_at_22_0aYXyZ7.10.17_097c568b.jpg",
        "is_password_changed": false,
        "groups": [],
        "user_permissions": []
    }
},
{
    "model": "core.employee",
    "pk": 1,
    "fields": {
        "profile": [
            "jonasasmer40@gmail.com"
        ],
        "designation": "VÕrd bitrõde"
    }
},
{
    "model": "core.employee",
    "pk": 2,
    "fields": {
        "profile": [
            "test@gmail.com"
        ],
        "designation": "Undersk÷terska"
    }
},
{
    "model": "core.employee",
    "pk": 3,
    "fields": {
        "profile": [
            "test1@gmail.com"
        ],
        "designation": "VÕrd bitrõde"
    }
},
{
    "model": "core.employee",
    "pk": 4,
    "fields": {
        "profile": [
            "test3@gmail.com"
        ],
        "designation": "VÕrd bitrõde"
    }
},
{
    "model": "core.employee",
    "pk": 6,
    "fields": {
        "profile": [
            "test5@gmail.com"
        ],
        "designation": "Undersk÷terska"
    }
},
{
    "model": "core.employee",
    "pk": 9,
    "fields": {
        "profile": [
            "test8@gmail.com"
        ],
        "designation": "Undersk÷terska"
    }
},
{
    "model": "core.employee",
    "pk": 10,
    "fields": {
        "profile": [
            "test7@gmail.com"
        ],
        "designation": "Undersk÷terska"
    }
},
{
    "model": "core.employee",
    "pk": 11,
    "fields": {
        "profile": [
            "test9@gmail.com"
        ],
        "designation": "Undersk÷terska"
    }
},
{
    "model": "core.employee",
    "pk": 12,
    "fields": {
        "profile": [
            "test6@gmail.com"
        ],
        "designation": "Undersk÷terska"
    }
},
{
    "model": "core.employee",
    "pk": 13,
    "fields": {
        "profile": [
            "test03@gmail.com"
        ],
        "designation": "Undersk÷terska"
    }
},
{
    "model": "core.employee",
    "pk": 16,
    "fields": {
        "profile": [
            "steklu2311@gmail.com"
        ],
        "designation": "Servitor"
    }
},
{
    "model": "core.employee",
    "pk": 17,
    "fields": {
        "profile": [
            "mikel@gmail.com"
        ],
        "designation": "Inget"
    }
},
{
    "model": "core.employee",
    "pk": 19,
    "fields": {
        "profile": [
            "emp@gmail.com"
        ],
        "designation": "5454515"
    }
},
{
    "model": "core.employee",
    "pk": 20,
    "fields": {
        "profile": [
            "emp2@gmail.com"
        ],
        "designation": "saderea"
    }
},
{
    "model": "core.employee",
    "pk": 21,
    "fields": {
        "profile": [
            "Akram@gmail.com"
        ],
        "designation": "VÕrd bitrõde"
    }
},
{
    "model": "core.employee",
    "pk": 22,
    "fields": {
        "profile": [
            "rahel@gmail.com"
        ],
        "designation": "Undersk÷terska"
    }
},
{
    "model": "core.employee",
    "pk": 23,
    "fields": {
        "profile": [
            "Yoran@gmail.com"
        ],
        "designation": "VÕrd bitrõde"
    }
},
{
    "model": "core.shift",
    "pk": 1,
    "fields": {
        "employee": 1,
        "shift_date": "2024-12-20",
        "shift_type": "EVE",
        "shift_start_time": "15:00:00",
        "shift_end_time": "22:00:00",
        "is_weekend": false,
        "is_available": false
    }
},
{
    "model": "core.shift",
    "pk": 2,
    "fields": {
        "employee": 2,
        "shift_date": "2024-12-22",
        "shift_type": "EVE",
        "shift_start_time": "15:00:00",
        "shift_end_time": "22:00:00",
        "is_weekend": true,
        "is_available": false
    }
},
{
    "model": "core.shift",
    "pk": 3,
    "fields": {
        "employee": 1,
        "shift_date": "2024-12-26",
        "shift_type": "DAY",
        "shift_start_time": "07:00:00",
        "shift_end_time": "15:00:00",
        "is_weekend": false,
        "is_available": false
    }
},
{
    "model": "core.shift",
    "pk": 4,
    "fields": {
        "employee": 2,
        "shift_date": "2024-12-16",
        "shift_type": "EVE",
        "shift_start_time": "15:00:00",
        "shift_end_time": "22:00:00",
        "is_weekend": false,
        "is_available": false
    }
},
{
    "model": "core.shift",
    "pk": 5,
    "fields": {
        "employee": 1,
        "shift_date": "2024-12-16",
        "shift_type": "DAY",
        "shift_start_time": "07:00:00",
        "shift_end_time": "15:00:00",
        "is_weekend": false,
        "is_available": false
    }
},
{
    "model": "core.shift",
    "pk": 6,
    "fields": {
        "employee": 1,
        "shift_date": "2024-12-28",
        "shift_type": "DAY",
        "shift_start_time": "07:00:00",
        "shift_end_time": "15:00:00",
        "is_weekend": true,
        "is_available": false
    }
},
{
    "model": "core.shift",
    "pk": 7,
    "fields": {
        "employee": 2,
        "shift_date": "2024-12-29",
        "shift_type": "DAY",
        "shift_start_time": "07:00:00",
        "shift_end_time": "15:00:00",
        "is_weekend": true,
        "is_available": false
    }
},
{
    "model": "core.shift",
    "pk": 8,
    "fields": {
        "employee": 1,
        "shift_date": "2024-12-29",
        "shift_type": "EVE",
        "shift_start_time": "15:00:00",
        "shift_end_time": "22:00:00",
        "is_weekend": true,
        "is_available": false
    }
},
{
    "model": "core.shift",
    "pk": 9,
    "fields": {
        "employee": 2,
        "shift_date": "2024-12-30",
        "shift_type": "DAY",
        "shift_start_time": "07:00:00",
        "shift_end_time": "15:00:00",
        "is_weekend": false,
        "is_available": false
    }
},
{
    "model": "core.shift",
    "pk": 10,
    "fields": {
        "employee": 1,
        "shift_date": "2024-12-14",
        "shift_type": "DAY",
        "shift_start_time": "07:00:00",
        "shift_end_time": "15:00:00",
        "is_weekend": true,
        "is_available": false
    }
},
{
    "model": "core.shift",
    "pk": 11,
    "fields": {
        "employee": 1,
        "shift_date": "2024-12-02",
        "shift_type": "DAY",
        "shift_start_time": "07:00:00",
        "shift_end_time": "15:00:00",
        "is_weekend": false,
        "is_available": false
    }
},
{
    "model": "core.shift",
    "pk": 12,
    "fields": {
        "employee": 2,
        "shift_date": "2024-12-14",
        "shift_type": "EVE",
        "shift_start_time": "15:00:00",
        "shift_end_time": "22:00:00",
        "is_weekend": true,
        "is_available": false
    }
},
{
    "model": "core.shift",
    "pk": 13,
    "fields": {
        "employee": 1,
        "shift_date": "2024-12-13",
        "shift_type": "DAY",
        "shift_start_time": "07:00:00",
        "shift_end_time": "15:00:00",
        "is_weekend": false,
        "is_available": false
    }
},
{
    "model": "core.shift",
    "pk": 14,
    "fields": {
        "employee": 2,
        "shift_date": "2024-12-13",
        "shift_type": "EVE",
        "shift_start_time": "15:00:00",
        "shift_end_time": "22:00:00",
        "is_weekend": false,
        "is_available": false
    }
},
{
    "model": "core.shift",
    "pk": 15,
    "fields": {
        "employee": 2,
        "shift_date": "2024-12-27",
        "shift_type": "EVE",
        "shift_start_time": "15:00:00",
        "shift_end_time": "22:00:00",
        "is_weekend": false,
        "is_available": false
    }
},
{
    "model": "core.shift",
    "pk": 16,
    "fields": {
        "employee": 1,
        "shift_date": "2024-12-27",
        "shift_type": "EVE",
        "shift_start_time": "15:00:00",
        "shift_end_time": "22:00:00",
        "is_weekend": false,
        "is_available": false
    }
},
{
    "model": "core.shift",
    "pk": 17,
    "fields": {
        "employee": 1,
        "shift_date": "2024-12-18",
        "shift_type": "DAY",
        "shift_start_time": "07:00:00",
        "shift_end_time": "15:00:00",
        "is_weekend": false,
        "is_available": false
    }
},
{
    "model": "core.shift",
    "pk": 18,
    "fields": {
        "employee": 2,
        "shift_date": "2024-12-17",
        "shift_type": "EVE",
        "shift_start_time": "15:00:00",
        "shift_end_time": "22:00:00",
        "is_weekend": false,
        "is_available": false
    }
},
{
    "model": "core.shift",
    "pk": 19,
    "fields": {
        "employee": 2,
        "shift_date": "2024-12-09",
        "shift_type": "DAY",
        "shift_start_time": "07:00:00",
        "shift_end_time": "15:00:00",
        "is_weekend": false,
        "is_available": false
    }
},
{
    "model": "core.shift",
    "pk": 20,
    "fields": {
        "employee": 2,
        "shift_date": "2024-12-02",
        "shift_type": "EVE",
        "shift_start_time": "15:00:00",
        "shift_end_time": "22:00:00",
        "is_weekend": false,
        "is_available": false
    }
},
{
    "model": "core.shift",
    "pk": 21,
    "fields": {
        "employee": 1,
        "shift_date": "2024-12-02",
        "shift_type": "EVE",
        "shift_start_time": "15:00:00",
        "shift_end_time": "22:00:00",
        "is_weekend": false,
        "is_available": false
    }
},
{
    "model": "core.shift",
    "pk": 22,
    "fields": {
        "employee": 3,
        "shift_date": "2024-12-02",
        "shift_type": "DAY",
        "shift_start_time": "07:00:00",
        "shift_end_time": "15:00:00",
        "is_weekend": false,
        "is_available": false
    }
},
{
    "model": "core.shift",
    "pk": 23,
    "fields": {
        "employee": 3,
        "shift_date": "2024-12-02",
        "shift_type": "EVE",
        "shift_start_time": "15:00:00",
        "shift_end_time": "22:00:00",
        "is_weekend": false,
        "is_available": false
    }
},
{
    "model": "core.shift",
    "pk": 24,
    "fields": {
        "employee": 2,
        "shift_date": "2024-12-20",
        "shift_type": "DAY",
        "shift_start_time": "07:00:00",
        "shift_end_time": "15:00:00",
        "is_weekend": false,
        "is_available": false
    }
},
{
    "model": "core.shift",
    "pk": 25,
    "fields": {
        "employee": 2,
        "shift_date": "2024-12-18",
        "shift_type": "EVE",
        "shift_start_time": "15:00:00",
        "shift_end_time": "22:00:00",
        "is_weekend": false,
        "is_available": false
    }
},
{
    "model": "core.shift",
    "pk": 26,
    "fields": {
        "employee": 4,
        "shift_date": "2024-12-22",
        "shift_type": "DAY",
        "shift_start_time": "07:00:00",
        "shift_end_time": "15:00:00",
        "is_weekend": true,
        "is_available": false
    }
},
{
    "model": "core.shift",
    "pk": 27,
    "fields": {
        "employee": 4,
        "shift_date": "2024-12-23",
        "shift_type": "EVE",
        "shift_start_time": "15:00:00",
        "shift_end_time": "22:00:00",
        "is_weekend": false,
        "is_available": false
    }
},
{
    "model": "core.shift",
    "pk": 28,
    "fields": {
        "employee": 4,
        "shift_date": "2024-12-02",
        "shift_type": "DAY",
        "shift_start_time": "07:00:00",
        "shift_end_time": "15:00:00",
        "is_weekend": false,
        "is_available": false
    }
},
{
    "model": "core.shift",
    "pk": 29,
    "fields": {
        "employee": 4,
        "shift_date": "2024-12-02",
        "shift_type": "EVE",
        "shift_start_time": "15:00:00",
        "shift_end_time": "22:00:00",
        "is_weekend": false,
        "is_available": false
    }
},
{
    "model": "core.shift",
    "pk": 30,
    "fields": {
        "employee": 4,
        "shift_date": "2024-12-10",
        "shift_type": "DAY",
        "shift_start_time": "07:00:00",
        "shift_end_time": "15:00:00",
        "is_weekend": false,
        "is_available": false
    }
},
{
    "model": "core.shift",
    "pk": 31,
    "fields": {
        "employee": 2,
        "shift_date": "2024-12-05",
        "shift_type": "EVE",
        "shift_start_time": "15:00:00",
        "shift_end_time": "22:00:00",
        "is_weekend": false,
        "is_available": false
    }
},
{
    "model": "core.shift",
    "pk": 32,
    "fields": {
        "employee": 2,
        "shift_date": "2024-12-06",
        "shift_type": "DAY",
        "shift_start_time": "07:00:00",
        "shift_end_time": "15:00:00",
        "is_weekend": false,
        "is_available": false
    }
},
{
    "model": "core.shift",
    "pk": 33,
    "fields": {
        "employee": 3,
        "shift_date": "2024-12-06",
        "shift_type": "EVE",
        "shift_start_time": "15:00:00",
        "shift_end_time": "22:00:00",
        "is_weekend": false,
        "is_available": false
    }
},
{
    "model": "core.shift",
    "pk": 34,
    "fields": {
        "employee": 1,
        "shift_date": "2024-12-05",
        "shift_type": "DAY",
        "shift_start_time": "07:00:00",
        "shift_end_time": "15:00:00",
        "is_weekend": false,
        "is_available": false
    }
},
{
    "model": "core.shift",
    "pk": 35,
    "fields": {
        "employee": 3,
        "shift_date": "2024-12-05",
        "shift_type": "DAY",
        "shift_start_time": "07:00:00",
        "shift_end_time": "15:00:00",
        "is_weekend": false,
        "is_available": false
    }
},
{
    "model": "core.shift",
    "pk": 36,
    "fields": {
        "employee": 3,
        "shift_date": "2024-12-06",
        "shift_type": "DAY",
        "shift_start_time": "07:00:00",
        "shift_end_time": "15:00:00",
        "is_weekend": false,
        "is_available": false
    }
},
{
    "model": "core.shift",
    "pk": 37,
    "fields": {
        "employee": 2,
        "shift_date": "2024-12-05",
        "shift_type": "DAY",
        "shift_start_time": "07:00:00",
        "shift_end_time": "15:00:00",
        "is_weekend": false,
        "is_available": false
    }
},
{
    "model": "core.shift",
    "pk": 38,
    "fields": {
        "employee": 1,
        "shift_date": "2024-12-06",
        "shift_type": "EVE",
        "shift_start_time": "15:00:00",
        "shift_end_time": "22:00:00",
        "is_weekend": false,
        "is_available": false
    }
},
{
    "model": "core.shift",
    "pk": 39,
    "fields": {
        "employee": 1,
        "shift_date": "2024-12-06",
        "shift_type": "DAY",
        "shift_start_time": "07:00:00",
        "shift_end_time": "15:00:00",
        "is_weekend": false,
        "is_available": false
    }
},
{
    "model": "core.shift",
    "pk": 40,
    "fields": {
        "employee": 2,
        "shift_date": "2024-12-06",
        "shift_type": "EVE",
        "shift_start_time": "15:00:00",
        "shift_end_time": "22:00:00",
        "is_weekend": false,
        "is_available": false
    }
},
{
    "model": "core.shift",
    "pk": 41,
    "fields": {
        "employee": 4,
        "shift_date": "2024-12-06",
        "shift_type": "EVE",
        "shift_start_time": "15:00:00",
        "shift_end_time": "22:00:00",
        "is_weekend": false,
        "is_available": false
    }
},
{
    "model": "core.shift",
    "pk": 42,
    "fields": {
        "employee": 4,
        "shift_date": "2024-12-06",
        "shift_type": "DAY",
        "shift_start_time": "07:00:00",
        "shift_end_time": "15:00:00",
        "is_weekend": false,
        "is_available": false
    }
},
{
    "model": "core.shift",
    "pk": 43,
    "fields": {
        "employee": 4,
        "shift_date": "2024-12-05",
        "shift_type": "EVE",
        "shift_start_time": "15:00:00",
        "shift_end_time": "22:00:00",
        "is_weekend": false,
        "is_available": false
    }
},
{
    "model": "core.shift",
    "pk": 44,
    "fields": {
        "employee": 4,
        "shift_date": "2024-12-05",
        "shift_type": "DAY",
        "shift_start_time": "07:00:00",
        "shift_end_time": "15:00:00",
        "is_weekend": false,
        "is_available": false
    }
},
{
    "model": "core.shift",
    "pk": 45,
    "fields": {
        "employee": 2,
        "shift_date": "2024-12-02",
        "shift_type": "DAY",
        "shift_start_time": "07:00:00",
        "shift_end_time": "15:00:00",
        "is_weekend": false,
        "is_available": false
    }
},
{
    "model": "core.shift",
    "pk": 46,
    "fields": {
        "employee": 1,
        "shift_date": "2024-12-05",
        "shift_type": "EVE",
        "shift_start_time": "15:00:00",
        "shift_end_time": "22:00:00",
        "is_weekend": false,
        "is_available": false
    }
},
{
    "model": "core.shift",
    "pk": 47,
    "fields": {
        "employee": 3,
        "shift_date": "2024-12-05",
        "shift_type": "EVE",
        "shift_start_time": "15:00:00",
        "shift_end_time": "22:00:00",
        "is_weekend": false,
        "is_available": false
    }
},
{
    "model": "core.shift",
    "pk": 49,
    "fields": {
        "employee": 13,
        "shift_date": "2024-12-03",
        "shift_type": "DAY",
        "shift_start_time": "07:00:00",
        "shift_end_time": "15:00:00",
        "is_weekend": false,
        "is_available": false
    }
},
{
    "model": "core.shift",
    "pk": 50,
    "fields": {
        "employee": 6,
        "shift_date": "2024-12-05",
        "shift_type": "EVE",
        "shift_start_time": "15:00:00",
        "shift_end_time": "22:00:00",
        "is_weekend": false,
        "is_available": false
    }
},
{
    "model": "core.shift",
    "pk": 51,
    "fields": {
        "employee": 16,
        "shift_date": "2025-01-12",
        "shift_type": "EVE",
        "shift_start_time": "15:00:00",
        "shift_end_time": "22:00:00",
        "is_weekend": true,
        "is_available": false
    }
},
{
    "model": "core.shift",
    "pk": 54,
    "fields": {
        "employee": 9,
        "shift_date": "2025-01-01",
        "shift_type": "DAY",
        "shift_start_time": "07:00:00",
        "shift_end_time": "15:00:00",
        "is_weekend": false,
        "is_available": false
    }
},
{
    "model": "core.shift",
    "pk": 56,
    "fields": {
        "employee": 2,
        "shift_date": "2025-01-16",
        "shift_type": "EVE",
        "shift_start_time": "15:00:00",
        "shift_end_time": "22:00:00",
        "is_weekend": false,
        "is_available": false
    }
},
{
    "model": "core.shift",
    "pk": 58,
    "fields": {
        "employee": 1,
        "shift_date": "2025-01-17",
        "shift_type": "EVE",
        "shift_start_time": "15:00:00",
        "shift_end_time": "22:00:00",
        "is_weekend": false,
        "is_available": false
    }
},
{
    "model": "core.shift",
    "pk": 59,
    "fields": {
        "employee": 1,
        "shift_date": "2025-01-28",
        "shift_type": "DAY",
        "shift_start_time": "07:00:00",
        "shift_end_time": "15:00:00",
        "is_weekend": false,
        "is_available": false
    }
},
{
    "model": "core.shift",
    "pk": 60,
    "fields": {
        "employee": 16,
        "shift_date": "2025-01-10",
        "shift_type": "EVE",
        "shift_start_time": "15:00:00",
        "shift_end_time": "22:00:00",
        "is_weekend": false,
        "is_available": false
    }
},
{
    "model": "core.shift",
    "pk": 61,
    "fields": {
        "employee": 1,
        "shift_date": "2025-01-11",
        "shift_type": "DAY",
        "shift_start_time": "07:00:00",
        "shift_end_time": "15:00:00",
        "is_weekend": true,
        "is_available": false
    }
},
{
    "model": "core.shift",
    "pk": 62,
    "fields": {
        "employee": 1,
        "shift_date": "2025-01-15",
        "shift_type": "EVE",
        "shift_start_time": "15:00:00",
        "shift_end_time": "22:00:00",
        "is_weekend": false,
        "is_available": false
    }
},
{
    "model": "core.shift",
    "pk": 64,
    "fields": {
        "employee": 1,
        "shift_date": "2025-01-10",
        "shift_type": "DAY",
        "shift_start_time": "07:00:00",
        "shift_end_time": "15:00:00",
        "is_weekend": false,
        "is_available": false
    }
},
{
    "model": "core.shift",
    "pk": 66,
    "fields": {
        "employee": 1,
        "shift_date": "2025-01-22",
        "shift_type": "DAY",
        "shift_start_time": "07:00:00",
        "shift_end_time": "15:00:00",
        "is_weekend": false,
        "is_available": false
    }
},
{
    "model": "core.shift",
    "pk": 69,
    "fields": {
        "employee": 1,
        "shift_date": "2025-01-24",
        "shift_type": "EVE",
        "shift_start_time": "15:00:00",
        "shift_end_time": "22:00:00",
        "is_weekend": false,
        "is_available": false
    }
},
{
    "model": "core.shift",
    "pk": 71,
    "fields": {
        "employee": 1,
        "shift_date": "2025-01-26",
        "shift_type": "EVE",
        "shift_start_time": "15:00:00",
        "shift_end_time": "22:00:00",
        "is_weekend": true,
        "is_available": false
    }
},
{
    "model": "core.shift",
    "pk": 72,
    "fields": {
        "employee": 1,
        "shift_date": "2025-01-09",
        "shift_type": "DAY",
        "shift_start_time": "07:00:00",
        "shift_end_time": "15:00:00",
        "is_weekend": false,
        "is_available": false
    }
},
{
    "model": "core.shift",
    "pk": 73,
    "fields": {
        "employee": 10,
        "shift_date": "2025-01-23",
        "shift_type": "EVE",
        "shift_start_time": "15:00:00",
        "shift_end_time": "22:00:00",
        "is_weekend": false,
        "is_available": false
    }
},
{
    "model": "core.shift",
    "pk": 74,
    "fields": {
        "employee": 4,
        "shift_date": "2025-01-09",
        "shift_type": "DAY",
        "shift_start_time": "07:00:00",
        "shift_end_time": "15:00:00",
        "is_weekend": false,
        "is_available": false
    }
},
{
    "model": "core.shift",
    "pk": 75,
    "fields": {
        "employee": 10,
        "shift_date": "2025-01-23",
        "shift_type": "DAY",
        "shift_start_time": "07:00:00",
        "shift_end_time": "15:00:00",
        "is_weekend": false,
        "is_available": false
    }
},
{
    "model": "core.shift",
    "pk": 80,
    "fields": {
        "employee": 3,
        "shift_date": "2025-01-23",
        "shift_type": "DAY",
        "shift_start_time": "07:00:00",
        "shift_end_time": "15:00:00",
        "is_weekend": false,
        "is_available": false
    }
},
{
    "model": "core.shift",
    "pk": 83,
    "fields": {
        "employee": 9,
        "shift_date": "2025-01-23",
        "shift_type": "DAY",
        "shift_start_time": "07:00:00",
        "shift_end_time": "15:00:00",
        "is_weekend": false,
        "is_available": false
    }
},
{
    "model": "core.shift",
    "pk": 84,
    "fields": {
        "employee": 11,
        "shift_date": "2025-01-23",
        "shift_type": "DAY",
        "shift_start_time": "07:00:00",
        "shift_end_time": "15:00:00",
        "is_weekend": false,
        "is_available": false
    }
},
{
    "model": "core.shift",
    "pk": 86,
    "fields": {
        "employee": 13,
        "shift_date": "2025-01-23",
        "shift_type": "DAY",
        "shift_start_time": "07:00:00",
        "shift_end_time": "15:00:00",
        "is_weekend": false,
        "is_available": false
    }
},
{
    "model": "core.shift",
    "pk": 88,
    "fields": {
        "employee": 16,
        "shift_date": "2025-01-23",
        "shift_type": "DAY",
        "shift_start_time": "07:00:00",
        "shift_end_time": "15:00:00",
        "is_weekend": false,
        "is_available": false
    }
},
{
    "model": "core.shift",
    "pk": 89,
    "fields": {
        "employee": 17,
        "shift_date": "2025-01-23",
        "shift_type": "DAY",
        "shift_start_time": "07:00:00",
        "shift_end_time": "15:00:00",
        "is_weekend": false,
        "is_available": false
    }
},
{
    "model": "core.shift",
    "pk": 92,
    "fields": {
        "employee": 3,
        "shift_date": "2025-01-23",
        "shift_type": "EVE",
        "shift_start_time": "15:00:00",
        "shift_end_time": "22:00:00",
        "is_weekend": false,
        "is_available": false
    }
},
{
    "model": "core.shift",
    "pk": 95,
    "fields": {
        "employee": 9,
        "shift_date": "2025-01-23",
        "shift_type": "EVE",
        "shift_start_time": "15:00:00",
        "shift_end_time": "22:00:00",
        "is_weekend": false,
        "is_available": false
    }
},
{
    "model": "core.shift",
    "pk": 96,
    "fields": {
        "employee": 11,
        "shift_date": "2025-01-23",
        "shift_type": "EVE",
        "shift_start_time": "15:00:00",
        "shift_end_time": "22:00:00",
        "is_weekend": false,
        "is_available": false
    }
},
{
    "model": "core.shift",
    "pk": 98,
    "fields": {
        "employee": 13,
        "shift_date": "2025-01-23",
        "shift_type": "EVE",
        "shift_start_time": "15:00:00",
        "shift_end_time": "22:00:00",
        "is_weekend": false,
        "is_available": false
    }
},
{
    "model": "core.shift",
    "pk": 100,
    "fields": {
        "employee": 16,
        "shift_date": "2025-01-23",
        "shift_type": "EVE",
        "shift_start_time": "15:00:00",
        "shift_end_time": "22:00:00",
        "is_weekend": false,
        "is_available": false
    }
},
{
    "model": "core.shift",
    "pk": 101,
    "fields": {
        "employee": 17,
        "shift_date": "2025-01-23",
        "shift_type": "EVE",
        "shift_start_time": "15:00:00",
        "shift_end_time": "22:00:00",
        "is_weekend": false,
        "is_available": false
    }
},
{
    "model": "core.shift",
    "pk": 103,
    "fields": {
        "employee": 1,
        "shift_date": "2025-01-01",
        "shift_type": "EVE",
        "shift_start_time": "15:00:00",
        "shift_end_time": "22:00:00",
        "is_weekend": false,
        "is_available": false
    }
},
{
    "model": "core.shift",
    "pk": 104,
    "fields": {
        "employee": 1,
        "shift_date": "2025-01-08",
        "shift_type": "DAY",
        "shift_start_time": "07:00:00",
        "shift_end_time": "15:00:00",
        "is_weekend": false,
        "is_available": false
    }
},
{
    "model": "core.shift",
    "pk": 106,
    "fields": {
        "employee": 1,
        "shift_date": "2025-01-07",
        "shift_type": "EVE",
        "shift_start_time": "15:00:00",
        "shift_end_time": "22:00:00",
        "is_weekend": false,
        "is_available": false
    }
},
{
    "model": "core.shift",
    "pk": 107,
    "fields": {
        "employee": 10,
        "shift_date": "2025-01-03",
        "shift_type": "DAY",
        "shift_start_time": "07:00:00",
        "shift_end_time": "15:00:00",
        "is_weekend": false,
        "is_available": false
    }
},
{
    "model": "core.shift",
    "pk": 109,
    "fields": {
        "employee": 1,
        "shift_date": "2025-01-14",
        "shift_type": "DAY",
        "shift_start_time": "07:00:00",
        "shift_end_time": "15:00:00",
        "is_weekend": false,
        "is_available": false
    }
},
{
    "model": "core.shift",
    "pk": 110,
    "fields": {
        "employee": 11,
        "shift_date": "2025-01-09",
        "shift_type": "DAY",
        "shift_start_time": "07:00:00",
        "shift_end_time": "15:00:00",
        "is_weekend": false,
        "is_available": false
    }
},
{
    "model": "core.shift",
    "pk": 113,
    "fields": {
        "employee": 11,
        "shift_date": "2025-01-21",
        "shift_type": "DAY",
        "shift_start_time": "07:00:00",
        "shift_end_time": "15:00:00",
        "is_weekend": false,
        "is_available": false
    }
},
{
    "model": "core.shift",
    "pk": 114,
    "fields": {
        "employee": 10,
        "shift_date": "2025-01-06",
        "shift_type": "DAY",
        "shift_start_time": "07:00:00",
        "shift_end_time": "15:00:00",
        "is_weekend": false,
        "is_available": false
    }
},
{
    "model": "core.shift",
    "pk": 115,
    "fields": {
        "employee": 11,
        "shift_date": "2025-01-30",
        "shift_type": "DAY",
        "shift_start_time": "07:00:00",
        "shift_end_time": "15:00:00",
        "is_weekend": false,
        "is_available": false
    }
},
{
    "model": "core.shift",
    "pk": 116,
    "fields": {
        "employee": 21,
        "shift_date": "2025-01-31",
        "shift_type": "EVE",
        "shift_start_time": "15:00:00",
        "shift_end_time": "22:00:00",
        "is_weekend": false,
        "is_available": false
    }
},
{
    "model": "core.shift",
    "pk": 118,
    "fields": {
        "employee": 22,
        "shift_date": "2025-01-22",
        "shift_type": "DAY",
        "shift_start_time": "07:00:00",
        "shift_end_time": "15:00:00",
        "is_weekend": false,
        "is_available": false
    }
},
{
    "model": "core.shift",
    "pk": 119,
    "fields": {
        "employee": 22,
        "shift_date": "2025-01-22",
        "shift_type": "EVE",
        "shift_start_time": "15:00:00",
        "shift_end_time": "22:00:00",
        "is_weekend": false,
        "is_available": false
    }
},
{
    "model": "core.shift",
    "pk": 121,
    "fields": {
        "employee": 12,
        "shift_date": "2025-01-22",
        "shift_type": "DAY",
        "shift_start_time": "07:00:00",
        "shift_end_time": "15:00:00",
        "is_weekend": false,
        "is_available": false
    }
},
{
    "model": "core.shift",
    "pk": 122,
    "fields": {
        "employee": 10,
        "shift_date": "2025-01-22",
        "shift_type": "EVE",
        "shift_start_time": "15:00:00",
        "shift_end_time": "22:00:00",
        "is_weekend": false,
        "is_available": false
    }
},
{
    "model": "core.shift",
    "pk": 125,
    "fields": {
        "employee": 1,
        "shift_date": "2025-02-04",
        "shift_type": "DAY",
        "shift_start_time": "07:00:00",
        "shift_end_time": "15:00:00",
        "is_weekend": false,
        "is_available": false
    }
},
{
    "model": "core.shift",
    "pk": 127,
    "fields": {
        "employee": 1,
        "shift_date": "2025-02-05",
        "shift_type": "EVE",
        "shift_start_time": "15:00:00",
        "shift_end_time": "22:00:00",
        "is_weekend": false,
        "is_available": false
    }
},
{
    "model": "core.monthlyworkinghours",
    "pk": 14,
    "fields": {
        "employee": 2,
        "month_year": "2024-12-01",
        "total_working_hours": 117.5,
        "weekday_working_hours": 97,
        "weekend_working_hours": 29.5,
        "after_19_working_hours": 15
    }
},
{
    "model": "core.monthlyworkinghours",
    "pk": 15,
    "fields": {
        "employee": 1,
        "month_year": "2024-12-01",
        "total_working_hours": 106.5,
        "weekday_working_hours": 85,
        "weekend_working_hours": 30.5,
        "after_19_working_hours": 6
    }
},
{
    "model": "core.monthlyworkinghours",
    "pk": 16,
    "fields": {
        "employee": 3,
        "month_year": "2024-12-01",
        "total_working_hours": 42,
        "weekday_working_hours": 42,
        "weekend_working_hours": 3,
        "after_19_working_hours": 6
    }
},
{
    "model": "core.monthlyworkinghours",
    "pk": 17,
    "fields": {
        "employee": 4,
        "month_year": "2024-12-01",
        "total_working_hours": 63.5,
        "weekday_working_hours": 56,
        "weekend_working_hours": 10.5,
        "after_19_working_hours": 9
    }
},
{
    "model": "core.monthlyworkinghours",
    "pk": 19,
    "fields": {
        "employee": 13,
        "month_year": "2024-12-01",
        "total_working_hours": 7.5,
        "weekday_working_hours": 7.5,
        "weekend_working_hours": 0,
        "after_19_working_hours": 0
    }
},
{
    "model": "core.monthlyworkinghours",
    "pk": 20,
    "fields": {
        "employee": 6,
        "month_year": "2024-12-01",
        "total_working_hours": 6.5,
        "weekday_working_hours": 6.5,
        "weekend_working_hours": 0,
        "after_19_working_hours": 3
    }
},
{
    "model": "core.monthlyworkinghours",
    "pk": 21,
    "fields": {
        "employee": 16,
        "month_year": "2025-01-01",
        "total_working_hours": 27,
        "weekday_working_hours": 20.5,
        "weekend_working_hours": 9.5,
        "after_19_working_hours": 3
    }
},
{
    "model": "core.monthlyworkinghours",
    "pk": 23,
    "fields": {
        "employee": 9,
        "month_year": "2025-01-01",
        "total_working_hours": 21.5,
        "weekday_working_hours": 21.5,
        "weekend_working_hours": 0,
        "after_19_working_hours": 3
    }
},
{
    "model": "core.monthlyworkinghours",
    "pk": 24,
    "fields": {
        "employee": 6,
        "month_year": "2025-01-01",
        "total_working_hours": 14,
        "weekday_working_hours": 14,
        "weekend_working_hours": 0,
        "after_19_working_hours": 3
    }
},
{
    "model": "core.monthlyworkinghours",
    "pk": 25,
    "fields": {
        "employee": 2,
        "month_year": "2025-01-01",
        "total_working_hours": 20.5,
        "weekday_working_hours": 20.5,
        "weekend_working_hours": 0,
        "after_19_working_hours": 6
    }
},
{
    "model": "core.monthlyworkinghours",
    "pk": 27,
    "fields": {
        "employee": 1,
        "month_year": "2025-01-01",
        "total_working_hours": 91.5,
        "weekday_working_hours": 77.5,
        "weekend_working_hours": 20,
        "after_19_working_hours": 9
    }
},
{
    "model": "core.monthlyworkinghours",
    "pk": 28,
    "fields": {
        "employee": 10,
        "month_year": "2025-01-01",
        "total_working_hours": 29,
        "weekday_working_hours": 29,
        "weekend_working_hours": 0,
        "after_19_working_hours": 3
    }
},
{
    "model": "core.monthlyworkinghours",
    "pk": 29,
    "fields": {
        "employee": 4,
        "month_year": "2025-01-01",
        "total_working_hours": 21.5,
        "weekday_working_hours": 21.5,
        "weekend_working_hours": 0,
        "after_19_working_hours": 3
    }
},
{
    "model": "core.monthlyworkinghours",
    "pk": 30,
    "fields": {
        "employee": 3,
        "month_year": "2025-01-01",
        "total_working_hours": 14,
        "weekday_working_hours": 14,
        "weekend_working_hours": 0,
        "after_19_working_hours": 3
    }
},
{
    "model": "core.monthlyworkinghours",
    "pk": 31,
    "fields": {
        "employee": 11,
        "month_year": "2025-01-01",
        "total_working_hours": 36.5,
        "weekday_working_hours": 36.5,
        "weekend_working_hours": 0,
        "after_19_working_hours": 3
    }
},
{
    "model": "core.monthlyworkinghours",
    "pk": 32,
    "fields": {
        "employee": 12,
        "month_year": "2025-01-01",
        "total_working_hours": 14,
        "weekday_working_hours": 14,
        "weekend_working_hours": 0,
        "after_19_working_hours": 3
    }
},
{
    "model": "core.monthlyworkinghours",
    "pk": 33,
    "fields": {
        "employee": 13,
        "month_year": "2025-01-01",
        "total_working_hours": 14,
        "weekday_working_hours": 14,
        "weekend_working_hours": 0,
        "after_19_working_hours": 3
    }
},
{
    "model": "core.monthlyworkinghours",
    "pk": 35,
    "fields": {
        "employee": 17,
        "month_year": "2025-01-01",
        "total_working_hours": 14,
        "weekday_working_hours": 14,
        "weekend_working_hours": 0,
        "after_19_working_hours": 3
    }
},
{
    "model": "core.monthlyworkinghours",
    "pk": 36,
    "fields": {
        "employee": 21,
        "month_year": "2025-01-01",
        "total_working_hours": 6.5,
        "weekday_working_hours": 6.5,
        "weekend_working_hours": 3,
        "after_19_working_hours": 0
    }
},
{
    "model": "core.monthlyworkinghours",
    "pk": 37,
    "fields": {
        "employee": 21,
        "month_year": "2025-02-01",
        "total_working_hours": 6.5,
        "weekday_working_hours": 6.5,
        "weekend_working_hours": 0,
        "after_19_working_hours": 3
    }
},
{
    "model": "core.monthlyworkinghours",
    "pk": 38,
    "fields": {
        "employee": 22,
        "month_year": "2025-02-01",
        "total_working_hours": 7.5,
        "weekday_working_hours": 7.5,
        "weekend_working_hours": 0,
        "after_19_working_hours": 0
    }
},
{
    "model": "core.monthlyworkinghours",
    "pk": 39,
    "fields": {
        "employee": 12,
        "month_year": "2025-02-01",
        "total_working_hours": 0,
        "weekday_working_hours": 0,
        "weekend_working_hours": 0,
        "after_19_working_hours": 0
    }
},
{
    "model": "core.monthlyworkinghours",
    "pk": 40,
    "fields": {
        "employee": 10,
        "month_year": "2025-02-01",
        "total_working_hours": 7.5,
        "weekday_working_hours": 7.5,
        "weekend_working_hours": 0,
        "after_19_working_hours": 0
    }
},
{
    "model": "core.monthlyworkinghours",
    "pk": 41,
    "fields": {
        "employee": 11,
        "month_year": "2025-02-01",
        "total_working_hours": 7.5,
        "weekday_working_hours": 7.5,
        "weekend_working_hours": 0,
        "after_19_working_hours": 0
    }
},
{
    "model": "core.monthlyworkinghours",
    "pk": 42,
    "fields": {
        "employee": 1,
        "month_year": "2025-02-01",
        "total_working_hours": 14,
        "weekday_working_hours": 14,
        "weekend_working_hours": 0,
        "after_19_working_hours": 3
    }
},
{
    "model": "admin.logentry",
    "pk": 1,
    "fields": {
        "action_time": "2024-12-16T09:19:28.203Z",
        "user": [
            "yonasasmerom40@gmail.com"
        ],
        "content_type": [
            "core",
            "profile"
        ],
        "object_id": "2",
        "object_repr": "jonas",
        "action_flag": 1,
        "change_message": "[{\"added\": {}}]"
    }
},
{
    "model": "admin.logentry",
    "pk": 2,
    "fields": {
        "action_time": "2024-12-16T09:24:54.036Z",
        "user": [
            "yonasasmerom40@gmail.com"
        ],
        "content_type": [
            "core",
            "profile"
        ],
        "object_id": "2",
        "object_repr": "jonas",
        "action_flag": 2,
        "change_message": "[{\"changed\": {\"fields\": [\"Department\"]}}]"
    }
},
{
    "model": "admin.logentry",
    "pk": 3,
    "fields": {
        "action_time": "2024-12-16T09:25:17.187Z",
        "user": [
            "yonasasmerom40@gmail.com"
        ],
        "content_type": [
            "core",
            "profile"
        ],
        "object_id": "1",
        "object_repr": "Yonas",
        "action_flag": 2,
        "change_message": "[{\"changed\": {\"fields\": [\"Role\"]}}]"
    }
},
{
    "model": "admin.logentry",
    "pk": 4,
    "fields": {
        "action_time": "2024-12-16T09:25:23.915Z",
        "user": [
            "yonasasmerom40@gmail.com"
        ],
        "content_type": [
            "core",
            "profile"
        ],
        "object_id": "1",
        "object_repr": "Yonas",
        "action_flag": 2,
        "change_message": "[{\"changed\": {\"fields\": [\"Department\"]}}]"
    }
},
{
    "model": "admin.logentry",
    "pk": 5,
    "fields": {
        "action_time": "2024-12-16T09:30:04.618Z",
        "user": [
            "yonasasmerom40@gmail.com"
        ],
        "content_type": [
            "core",
            "employee"
        ],
        "object_id": "1",
        "object_repr": "jonas",
        "action_flag": 1,
        "change_message": "[{\"added\": {}}]"
    }
},
{
    "model": "admin.logentry",
    "pk": 6,
    "fields": {
        "action_time": "2024-12-16T09:53:17.822Z",
        "user": [
            "yonasasmerom40@gmail.com"
        ],
        "content_type": [
            "core",
            "shift"
        ],
        "object_id": "1",
        "object_repr": "jonas - Evening Shift on 2024-12-20",
        "action_flag": 1,
        "change_message": "[{\"added\": {}}]"
    }
},
{
    "model": "admin.logentry",
    "pk": 7,
    "fields": {
        "action_time": "2024-12-16T09:57:42.081Z",
        "user": [
            "yonasasmerom40@gmail.com"
        ],
        "content_type": [
            "core",
            "profile"
        ],
        "object_id": "3",
        "object_repr": "Hanes",
        "action_flag": 1,
        "change_message": "[{\"added\": {}}]"
    }
},
{
    "model": "admin.logentry",
    "pk": 8,
    "fields": {
        "action_time": "2024-12-16T09:58:01.488Z",
        "user": [
            "yonasasmerom40@gmail.com"
        ],
        "content_type": [
            "core",
            "profile"
        ],
        "object_id": "2",
        "object_repr": "Jonas",
        "action_flag": 2,
        "change_message": "[{\"changed\": {\"fields\": [\"Username\"]}}]"
    }
},
{
    "model": "admin.logentry",
    "pk": 9,
    "fields": {
        "action_time": "2024-12-16T09:58:27.953Z",
        "user": [
            "yonasasmerom40@gmail.com"
        ],
        "content_type": [
            "core",
            "employee"
        ],
        "object_id": "2",
        "object_repr": "Hanes",
        "action_flag": 1,
        "change_message": "[{\"added\": {}}]"
    }
},
{
    "model": "admin.logentry",
    "pk": 10,
    "fields": {
        "action_time": "2024-12-16T10:15:19.777Z",
        "user": [
            "yonasasmerom40@gmail.com"
        ],
        "content_type": [
            "core",
            "profile"
        ],
        "object_id": "3",
        "object_repr": "Hanes",
        "action_flag": 2,
        "change_message": "[{\"changed\": {\"fields\": [\"Department\"]}}]"
    }
},
{
    "model": "admin.logentry",
    "pk": 11,
    "fields": {
        "action_time": "2024-12-16T10:27:25.867Z",
        "user": [
            "yonasasmerom40@gmail.com"
        ],
        "content_type": [
            "core",
            "shift"
        ],
        "object_id": "2",
        "object_repr": "Hanes - Day Shift on 2024-12-22",
        "action_flag": 1,
        "change_message": "[{\"added\": {}}]"
    }
},
{
    "model": "admin.logentry",
    "pk": 12,
    "fields": {
        "action_time": "2024-12-16T11:47:03.951Z",
        "user": [
            "yonasasmerom40@gmail.com"
        ],
        "content_type": [
            "core",
            "shift"
        ],
        "object_id": "3",
        "object_repr": "Jonas - Evening Shift on 2024-12-26",
        "action_flag": 1,
        "change_message": "[{\"added\": {}}]"
    }
},
{
    "model": "admin.logentry",
    "pk": 13,
    "fields": {
        "action_time": "2024-12-16T11:54:39.633Z",
        "user": [
            "yonasasmerom40@gmail.com"
        ],
        "content_type": [
            "core",
            "shift"
        ],
        "object_id": "4",
        "object_repr": "Hanes - Evening Shift on 2024-12-16",
        "action_flag": 1,
        "change_message": "[{\"added\": {}}]"
    }
},
{
    "model": "admin.logentry",
    "pk": 14,
    "fields": {
        "action_time": "2024-12-16T12:05:42.797Z",
        "user": [
            "yonasasmerom40@gmail.com"
        ],
        "content_type": [
            "core",
            "monthlyworkinghours"
        ],
        "object_id": "2",
        "object_repr": "Hanes - December 2024 - Shifts: Evening Shift, Day Shift",
        "action_flag": 2,
        "change_message": "[]"
    }
},
{
    "model": "admin.logentry",
    "pk": 15,
    "fields": {
        "action_time": "2024-12-16T12:05:52.155Z",
        "user": [
            "yonasasmerom40@gmail.com"
        ],
        "content_type": [
            "core",
            "monthlyworkinghours"
        ],
        "object_id": "2",
        "object_repr": "Hanes - December 2024 - Shifts: Evening Shift, Day Shift",
        "action_flag": 2,
        "change_message": "[]"
    }
},
{
    "model": "admin.logentry",
    "pk": 16,
    "fields": {
        "action_time": "2024-12-16T12:05:58.026Z",
        "user": [
            "yonasasmerom40@gmail.com"
        ],
        "content_type": [
            "core",
            "shift"
        ],
        "object_id": "4",
        "object_repr": "Hanes - Evening Shift on 2024-12-16",
        "action_flag": 2,
        "change_message": "[]"
    }
},
{
    "model": "admin.logentry",
    "pk": 17,
    "fields": {
        "action_time": "2024-12-16T12:06:11.345Z",
        "user": [
            "yonasasmerom40@gmail.com"
        ],
        "content_type": [
            "core",
            "shift"
        ],
        "object_id": "5",
        "object_repr": "Jonas - Day Shift on 2024-12-16",
        "action_flag": 1,
        "change_message": "[{\"added\": {}}]"
    }
},
{
    "model": "admin.logentry",
    "pk": 18,
    "fields": {
        "action_time": "2024-12-16T12:15:40.873Z",
        "user": [
            "yonasasmerom40@gmail.com"
        ],
        "content_type": [
            "core",
            "shift"
        ],
        "object_id": "2",
        "object_repr": "Hanes - Day Shift on 2024-12-22",
        "action_flag": 2,
        "change_message": "[{\"changed\": {\"fields\": [\"Is weekend\"]}}]"
    }
},
{
    "model": "admin.logentry",
    "pk": 19,
    "fields": {
        "action_time": "2024-12-16T12:16:55.434Z",
        "user": [
            "yonasasmerom40@gmail.com"
        ],
        "content_type": [
            "core",
            "shift"
        ],
        "object_id": "6",
        "object_repr": "Jonas - Evening Shift on 2024-12-28",
        "action_flag": 1,
        "change_message": "[{\"added\": {}}]"
    }
},
{
    "model": "admin.logentry",
    "pk": 20,
    "fields": {
        "action_time": "2024-12-16T12:20:19.590Z",
        "user": [
            "yonasasmerom40@gmail.com"
        ],
        "content_type": [
            "core",
            "shift"
        ],
        "object_id": "2",
        "object_repr": "Hanes - Evening Shift on 2024-12-22",
        "action_flag": 2,
        "change_message": "[{\"changed\": {\"fields\": [\"Shift type\", \"Shift start time\", \"Shift end time\"]}}]"
    }
},
{
    "model": "admin.logentry",
    "pk": 21,
    "fields": {
        "action_time": "2024-12-16T12:46:12.579Z",
        "user": [
            "yonasasmerom40@gmail.com"
        ],
        "content_type": [
            "core",
            "shift"
        ],
        "object_id": "7",
        "object_repr": "Hanes - Day Shift on 2024-12-29",
        "action_flag": 1,
        "change_message": "[{\"added\": {}}]"
    }
},
{
    "model": "admin.logentry",
    "pk": 22,
    "fields": {
        "action_time": "2024-12-16T12:46:45.625Z",
        "user": [
            "yonasasmerom40@gmail.com"
        ],
        "content_type": [
            "core",
            "shift"
        ],
        "object_id": "3",
        "object_repr": "Jonas - Day Shift on 2024-12-26",
        "action_flag": 2,
        "change_message": "[{\"changed\": {\"fields\": [\"Shift type\", \"Shift start time\", \"Shift end time\"]}}]"
    }
},
{
    "model": "admin.logentry",
    "pk": 23,
    "fields": {
        "action_time": "2024-12-16T12:47:01.785Z",
        "user": [
            "yonasasmerom40@gmail.com"
        ],
        "content_type": [
            "core",
            "shift"
        ],
        "object_id": "8",
        "object_repr": "Jonas - Evening Shift on 2024-12-29",
        "action_flag": 1,
        "change_message": "[{\"added\": {}}]"
    }
},
{
    "model": "admin.logentry",
    "pk": 24,
    "fields": {
        "action_time": "2024-12-16T12:53:12.570Z",
        "user": [
            "yonasasmerom40@gmail.com"
        ],
        "content_type": [
            "core",
            "shift"
        ],
        "object_id": "6",
        "object_repr": "Jonas - Day Shift on 2024-12-28",
        "action_flag": 2,
        "change_message": "[{\"changed\": {\"fields\": [\"Shift type\", \"Shift start time\", \"Shift end time\"]}}]"
    }
},
{
    "model": "admin.logentry",
    "pk": 25,
    "fields": {
        "action_time": "2024-12-16T12:53:31.486Z",
        "user": [
            "yonasasmerom40@gmail.com"
        ],
        "content_type": [
            "core",
            "shift"
        ],
        "object_id": "9",
        "object_repr": "Hanes - Day Shift on 2024-12-30",
        "action_flag": 1,
        "change_message": "[{\"added\": {}}]"
    }
},
{
    "model": "admin.logentry",
    "pk": 26,
    "fields": {
        "action_time": "2024-12-16T12:54:17.862Z",
        "user": [
            "yonasasmerom40@gmail.com"
        ],
        "content_type": [
            "core",
            "shift"
        ],
        "object_id": "10",
        "object_repr": "Jonas - Day Shift on 2024-12-14",
        "action_flag": 1,
        "change_message": "[{\"added\": {}}]"
    }
},
{
    "model": "admin.logentry",
    "pk": 27,
    "fields": {
        "action_time": "2024-12-16T13:00:18.913Z",
        "user": [
            "yonasasmerom40@gmail.com"
        ],
        "content_type": [
            "core",
            "shift"
        ],
        "object_id": "11",
        "object_repr": "Jonas - Day Shift on 2024-12-02",
        "action_flag": 1,
        "change_message": "[{\"added\": {}}]"
    }
},
{
    "model": "admin.logentry",
    "pk": 28,
    "fields": {
        "action_time": "2024-12-16T13:00:34.068Z",
        "user": [
            "yonasasmerom40@gmail.com"
        ],
        "content_type": [
            "core",
            "shift"
        ],
        "object_id": "12",
        "object_repr": "Hanes - Evening Shift on 2024-12-14",
        "action_flag": 1,
        "change_message": "[{\"added\": {}}]"
    }
},
{
    "model": "admin.logentry",
    "pk": 29,
    "fields": {
        "action_time": "2024-12-16T13:09:30.612Z",
        "user": [
            "yonasasmerom40@gmail.com"
        ],
        "content_type": [
            "core",
            "shift"
        ],
        "object_id": "13",
        "object_repr": "Jonas - Day Shift on 2024-12-13",
        "action_flag": 1,
        "change_message": "[{\"added\": {}}]"
    }
},
{
    "model": "admin.logentry",
    "pk": 30,
    "fields": {
        "action_time": "2024-12-16T13:09:53.503Z",
        "user": [
            "yonasasmerom40@gmail.com"
        ],
        "content_type": [
            "core",
            "shift"
        ],
        "object_id": "14",
        "object_repr": "Hanes - Evening Shift on 2024-12-13",
        "action_flag": 1,
        "change_message": "[{\"added\": {}}]"
    }
},
{
    "model": "admin.logentry",
    "pk": 31,
    "fields": {
        "action_time": "2024-12-16T13:18:07.245Z",
        "user": [
            "yonasasmerom40@gmail.com"
        ],
        "content_type": [
            "core",
            "shift"
        ],
        "object_id": "15",
        "object_repr": "Hanes - Evening Shift on 2024-12-27",
        "action_flag": 1,
        "change_message": "[{\"added\": {}}]"
    }
},
{
    "model": "admin.logentry",
    "pk": 32,
    "fields": {
        "action_time": "2024-12-16T13:18:25.621Z",
        "user": [
            "yonasasmerom40@gmail.com"
        ],
        "content_type": [
            "core",
            "shift"
        ],
        "object_id": "16",
        "object_repr": "Jonas - Evening Shift on 2024-12-27",
        "action_flag": 1,
        "change_message": "[{\"added\": {}}]"
    }
},
{
    "model": "admin.logentry",
    "pk": 33,
    "fields": {
        "action_time": "2024-12-16T13:25:32.937Z",
        "user": [
            "yonasasmerom40@gmail.com"
        ],
        "content_type": [
            "core",
            "shift"
        ],
        "object_id": "17",
        "object_repr": "Jonas - Day Shift on 2024-12-18",
        "action_flag": 1,
        "change_message": "[{\"added\": {}}]"
    }
},
{
    "model": "admin.logentry",
    "pk": 34,
    "fields": {
        "action_time": "2024-12-16T13:25:44.812Z",
        "user": [
            "yonasasmerom40@gmail.com"
        ],
        "content_type": [
            "core",
            "shift"
        ],
        "object_id": "18",
        "object_repr": "Hanes - Evening Shift on 2024-12-17",
        "action_flag": 1,
        "change_message": "[{\"added\": {}}]"
    }
},
{
    "model": "admin.logentry",
    "pk": 35,
    "fields": {
        "action_time": "2024-12-16T13:29:29.362Z",
        "user": [
            "yonasasmerom40@gmail.com"
        ],
        "content_type": [
            "core",
            "shift"
        ],
        "object_id": "19",
        "object_repr": "Hanes - Day Shift on 2024-12-09",
        "action_flag": 1,
        "change_message": "[{\"added\": {}}]"
    }
},
{
    "model": "admin.logentry",
    "pk": 36,
    "fields": {
        "action_time": "2024-12-16T13:31:13.221Z",
        "user": [
            "yonasasmerom40@gmail.com"
        ],
        "content_type": [
            "core",
            "shift"
        ],
        "object_id": "20",
        "object_repr": "Hanes - Evening Shift on 2024-12-02",
        "action_flag": 1,
        "change_message": "[{\"added\": {}}]"
    }
},
{
    "model": "admin.logentry",
    "pk": 37,
    "fields": {
        "action_time": "2024-12-16T13:41:01.360Z",
        "user": [
            "yonasasmerom40@gmail.com"
        ],
        "content_type": [
            "core",
            "shift"
        ],
        "object_id": "21",
        "object_repr": "Jonas - Evening Shift on Monday, 2024-12-02",
        "action_flag": 1,
        "change_message": "[{\"added\": {}}]"
    }
},
{
    "model": "admin.logentry",
    "pk": 38,
    "fields": {
        "action_time": "2024-12-16T19:59:30.523Z",
        "user": [
            "yonasasmerom40@gmail.com"
        ],
        "content_type": [
            "core",
            "profile"
        ],
        "object_id": "4",
        "object_repr": "Mohammad",
        "action_flag": 1,
        "change_message": "[{\"added\": {}}]"
    }
},
{
    "model": "admin.logentry",
    "pk": 39,
    "fields": {
        "action_time": "2024-12-16T19:59:45.590Z",
        "user": [
            "yonasasmerom40@gmail.com"
        ],
        "content_type": [
            "core",
            "profile"
        ],
        "object_id": "4",
        "object_repr": "Mohammad",
        "action_flag": 2,
        "change_message": "[{\"changed\": {\"fields\": [\"First name\", \"Last name\"]}}]"
    }
},
{
    "model": "admin.logentry",
    "pk": 40,
    "fields": {
        "action_time": "2024-12-16T20:00:12.856Z",
        "user": [
            "yonasasmerom40@gmail.com"
        ],
        "content_type": [
            "core",
            "employee"
        ],
        "object_id": "3",
        "object_repr": "Mohammad",
        "action_flag": 1,
        "change_message": "[{\"added\": {}}]"
    }
},
{
    "model": "admin.logentry",
    "pk": 41,
    "fields": {
        "action_time": "2024-12-16T20:00:25.016Z",
        "user": [
            "yonasasmerom40@gmail.com"
        ],
        "content_type": [
            "core",
            "shift"
        ],
        "object_id": "22",
        "object_repr": "Mohammad - Day Shift on Monday, 2024-12-02",
        "action_flag": 1,
        "change_message": "[{\"added\": {}}]"
    }
},
{
    "model": "admin.logentry",
    "pk": 42,
    "fields": {
        "action_time": "2024-12-16T20:00:37.652Z",
        "user": [
            "yonasasmerom40@gmail.com"
        ],
        "content_type": [
            "core",
            "shift"
        ],
        "object_id": "23",
        "object_repr": "Mohammad - Evening Shift on Monday, 2024-12-02",
        "action_flag": 1,
        "change_message": "[{\"added\": {}}]"
    }
},
{
    "model": "admin.logentry",
    "pk": 43,
    "fields": {
        "action_time": "2024-12-19T07:02:05.574Z",
        "user": [
            "yonasasmerom40@gmail.com"
        ],
        "content_type": [
            "core",
            "profile"
        ],
        "object_id": "2",
        "object_repr": "Jonas",
        "action_flag": 2,
        "change_message": "[{\"changed\": {\"fields\": [\"password\"]}}]"
    }
},
{
    "model": "admin.logentry",
    "pk": 44,
    "fields": {
        "action_time": "2024-12-22T11:14:15.462Z",
        "user": [
            "yonasasmerom40@gmail.com"
        ],
        "content_type": [
            "core",
            "shift"
        ],
        "object_id": "24",
        "object_repr": "Hanes - Day Shift on Friday, 2024-12-20",
        "action_flag": 1,
        "change_message": "[{\"added\": {}}]"
    }
},
{
    "model": "admin.logentry",
    "pk": 45,
    "fields": {
        "action_time": "2024-12-22T11:20:06.883Z",
        "user": [
            "yonasasmerom40@gmail.com"
        ],
        "content_type": [
            "core",
            "shift"
        ],
        "object_id": "25",
        "object_repr": "Hanes - Evening Shift on Wednesday, 2024-12-18",
        "action_flag": 1,
        "change_message": "[{\"added\": {}}]"
    }
},
{
    "model": "admin.logentry",
    "pk": 46,
    "fields": {
        "action_time": "2024-12-22T11:23:34.635Z",
        "user": [
            "yonasasmerom40@gmail.com"
        ],
        "content_type": [
            "core",
            "profile"
        ],
        "object_id": "5",
        "object_repr": "Oscar",
        "action_flag": 1,
        "change_message": "[{\"added\": {}}]"
    }
},
{
    "model": "admin.logentry",
    "pk": 47,
    "fields": {
        "action_time": "2024-12-22T11:30:06.648Z",
        "user": [
            "yonasasmerom40@gmail.com"
        ],
        "content_type": [
            "core",
            "profile"
        ],
        "object_id": "6",
        "object_repr": "Marcus",
        "action_flag": 1,
        "change_message": "[{\"added\": {}}]"
    }
},
{
    "model": "admin.logentry",
    "pk": 48,
    "fields": {
        "action_time": "2024-12-22T11:30:21.685Z",
        "user": [
            "yonasasmerom40@gmail.com"
        ],
        "content_type": [
            "core",
            "employee"
        ],
        "object_id": "4",
        "object_repr": "Marcus",
        "action_flag": 1,
        "change_message": "[{\"added\": {}}]"
    }
},
{
    "model": "admin.logentry",
    "pk": 49,
    "fields": {
        "action_time": "2024-12-22T11:31:01.421Z",
        "user": [
            "yonasasmerom40@gmail.com"
        ],
        "content_type": [
            "core",
            "shift"
        ],
        "object_id": "26",
        "object_repr": "Marcus - Day Shift on Sunday, 2024-12-22",
        "action_flag": 1,
        "change_message": "[{\"added\": {}}]"
    }
},
{
    "model": "admin.logentry",
    "pk": 50,
    "fields": {
        "action_time": "2024-12-22T11:31:15.389Z",
        "user": [
            "yonasasmerom40@gmail.com"
        ],
        "content_type": [
            "core",
            "shift"
        ],
        "object_id": "27",
        "object_repr": "Marcus - Evening Shift on Monday, 2024-12-23",
        "action_flag": 1,
        "change_message": "[{\"added\": {}}]"
    }
},
{
    "model": "admin.logentry",
    "pk": 51,
    "fields": {
        "action_time": "2024-12-22T11:31:25.735Z",
        "user": [
            "yonasasmerom40@gmail.com"
        ],
        "content_type": [
            "core",
            "shift"
        ],
        "object_id": "28",
        "object_repr": "Marcus - Day Shift on Monday, 2024-12-02",
        "action_flag": 1,
        "change_message": "[{\"added\": {}}]"
    }
},
{
    "model": "admin.logentry",
    "pk": 52,
    "fields": {
        "action_time": "2024-12-22T11:31:36.779Z",
        "user": [
            "yonasasmerom40@gmail.com"
        ],
        "content_type": [
            "core",
            "shift"
        ],
        "object_id": "29",
        "object_repr": "Marcus - Evening Shift on Monday, 2024-12-02",
        "action_flag": 1,
        "change_message": "[{\"added\": {}}]"
    }
},
{
    "model": "admin.logentry",
    "pk": 53,
    "fields": {
        "action_time": "2024-12-22T11:31:59.421Z",
        "user": [
            "yonasasmerom40@gmail.com"
        ],
        "content_type": [
            "core",
            "shift"
        ],
        "object_id": "30",
        "object_repr": "Marcus - Day Shift on Tuesday, 2024-12-10",
        "action_flag": 1,
        "change_message": "[{\"added\": {}}]"
    }
},
{
    "model": "admin.logentry",
    "pk": 54,
    "fields": {
        "action_time": "2024-12-25T10:43:54.721Z",
        "user": [
            "yonasasmerom40@gmail.com"
        ],
        "content_type": [
            "core",
            "profile"
        ],
        "object_id": "1",
        "object_repr": "Yonas (yonasasmerom40@gmail.com)",
        "action_flag": 2,
        "change_message": "[{\"changed\": {\"fields\": [\"Image\"]}}]"
    }
},
{
    "model": "admin.logentry",
    "pk": 55,
    "fields": {
        "action_time": "2024-12-25T11:08:53.673Z",
        "user": [
            "yonasasmerom40@gmail.com"
        ],
        "content_type": [
            "core",
            "profile"
        ],
        "object_id": "1",
        "object_repr": "Yonas (yonasasmerom40@gmail.com)",
        "action_flag": 2,
        "change_message": "[{\"changed\": {\"fields\": [\"Image\"]}}]"
    }
},
{
    "model": "admin.logentry",
    "pk": 56,
    "fields": {
        "action_time": "2024-12-25T11:09:05.822Z",
        "user": [
            "yonasasmerom40@gmail.com"
        ],
        "content_type": [
            "core",
            "profile"
        ],
        "object_id": "1",
        "object_repr": "Yonas (yonasasmerom40@gmail.com)",
        "action_flag": 2,
        "change_message": "[{\"changed\": {\"fields\": [\"Image\"]}}]"
    }
},
{
    "model": "admin.logentry",
    "pk": 57,
    "fields": {
        "action_time": "2024-12-25T16:10:09.747Z",
        "user": [
            "yonasasmerom40@gmail.com"
        ],
        "content_type": [
            "core",
            "employee"
        ],
        "object_id": "1",
        "object_repr": "Jonas",
        "action_flag": 2,
        "change_message": "[{\"changed\": {\"fields\": [\"Profile\"]}}]"
    }
},
{
    "model": "admin.logentry",
    "pk": 58,
    "fields": {
        "action_time": "2024-12-26T08:32:13.994Z",
        "user": [
            "yonasasmerom40@gmail.com"
        ],
        "content_type": [
            "core",
            "profile"
        ],
        "object_id": "3",
        "object_repr": "Hanes (test@gmail.com)",
        "action_flag": 2,
        "change_message": "[{\"changed\": {\"fields\": [\"Username\", \"First name\", \"Last name\"]}}]"
    }
},
{
    "model": "admin.logentry",
    "pk": 59,
    "fields": {
        "action_time": "2024-12-26T08:33:01.928Z",
        "user": [
            "yonasasmerom40@gmail.com"
        ],
        "content_type": [
            "core",
            "profile"
        ],
        "object_id": "2",
        "object_repr": "Jonas (jonasasmer40@gmail.com)",
        "action_flag": 2,
        "change_message": "[{\"changed\": {\"fields\": [\"Image\"]}}]"
    }
},
{
    "model": "admin.logentry",
    "pk": 60,
    "fields": {
        "action_time": "2024-12-26T08:33:33.687Z",
        "user": [
            "yonasasmerom40@gmail.com"
        ],
        "content_type": [
            "core",
            "profile"
        ],
        "object_id": "2",
        "object_repr": "Jonas (jonasasmer40@gmail.com)",
        "action_flag": 2,
        "change_message": "[{\"changed\": {\"fields\": [\"Image\"]}}]"
    }
},
{
    "model": "admin.logentry",
    "pk": 61,
    "fields": {
        "action_time": "2024-12-26T08:41:32.930Z",
        "user": [
            "yonasasmerom40@gmail.com"
        ],
        "content_type": [
            "core",
            "profile"
        ],
        "object_id": "2",
        "object_repr": "Jonas (jonasasmer40@gmail.com)",
        "action_flag": 2,
        "change_message": "[{\"changed\": {\"fields\": [\"Contact number\", \"Address\"]}}]"
    }
},
{
    "model": "admin.logentry",
    "pk": 62,
    "fields": {
        "action_time": "2024-12-26T08:42:00.386Z",
        "user": [
            "yonasasmerom40@gmail.com"
        ],
        "content_type": [
            "core",
            "profile"
        ],
        "object_id": "6",
        "object_repr": "Marcus (test3@gmail.com)",
        "action_flag": 2,
        "change_message": "[{\"changed\": {\"fields\": [\"Contact number\", \"Address\"]}}]"
    }
},
{
    "model": "admin.logentry",
    "pk": 63,
    "fields": {
        "action_time": "2024-12-26T08:42:13.870Z",
        "user": [
            "yonasasmerom40@gmail.com"
        ],
        "content_type": [
            "core",
            "profile"
        ],
        "object_id": "4",
        "object_repr": "Mohammad (test1@gmail.com)",
        "action_flag": 2,
        "change_message": "[{\"changed\": {\"fields\": [\"Contact number\", \"Address\"]}}]"
    }
},
{
    "model": "admin.logentry",
    "pk": 64,
    "fields": {
        "action_time": "2024-12-26T08:42:21.814Z",
        "user": [
            "yonasasmerom40@gmail.com"
        ],
        "content_type": [
            "core",
            "profile"
        ],
        "object_id": "3",
        "object_repr": "Hanes (test@gmail.com)",
        "action_flag": 2,
        "change_message": "[{\"changed\": {\"fields\": [\"Contact number\", \"Address\"]}}]"
    }
},
{
    "model": "admin.logentry",
    "pk": 65,
    "fields": {
        "action_time": "2024-12-26T08:43:05.938Z",
        "user": [
            "yonasasmerom40@gmail.com"
        ],
        "content_type": [
            "core",
            "profile"
        ],
        "object_id": "2",
        "object_repr": "Jonas (jonasasmer40@gmail.com)",
        "action_flag": 2,
        "change_message": "[{\"changed\": {\"fields\": [\"Image\"]}}]"
    }
},
{
    "model": "admin.logentry",
    "pk": 66,
    "fields": {
        "action_time": "2024-12-26T09:26:26.448Z",
        "user": [
            "yonasasmerom40@gmail.com"
        ],
        "content_type": [
            "core",
            "profile"
        ],
        "object_id": "3",
        "object_repr": "Hanes (test@gmail.com)",
        "action_flag": 2,
        "change_message": "[{\"changed\": {\"fields\": [\"Username\"]}}]"
    }
},
{
    "model": "admin.logentry",
    "pk": 67,
    "fields": {
        "action_time": "2024-12-26T09:26:35.063Z",
        "user": [
            "yonasasmerom40@gmail.com"
        ],
        "content_type": [
            "core",
            "profile"
        ],
        "object_id": "2",
        "object_repr": "Jonas (jonasasmer40@gmail.com)",
        "action_flag": 2,
        "change_message": "[{\"changed\": {\"fields\": [\"Username\"]}}]"
    }
},
{
    "model": "admin.logentry",
    "pk": 68,
    "fields": {
        "action_time": "2024-12-26T10:53:58.744Z",
        "user": [
            "yonasasmerom40@gmail.com"
        ],
        "content_type": [
            "core",
            "profile"
        ],
        "object_id": "7",
        "object_repr": "James (test5@gmail.com)",
        "action_flag": 3,
        "change_message": ""
    }
},
{
    "model": "admin.logentry",
    "pk": 69,
    "fields": {
        "action_time": "2024-12-26T11:27:16.157Z",
        "user": [
            "yonasasmerom40@gmail.com"
        ],
        "content_type": [
            "core",
            "profile"
        ],
        "object_id": "10",
        "object_repr": "Nicklas (test8@gmail.com)",
        "action_flag": 3,
        "change_message": ""
    }
},
{
    "model": "admin.logentry",
    "pk": 70,
    "fields": {
        "action_time": "2024-12-26T11:28:02.584Z",
        "user": [
            "yonasasmerom40@gmail.com"
        ],
        "content_type": [
            "core",
            "profile"
        ],
        "object_id": "9",
        "object_repr": "Natu (test7@gmail.com)",
        "action_flag": 3,
        "change_message": ""
    }
},
{
    "model": "admin.logentry",
    "pk": 71,
    "fields": {
        "action_time": "2024-12-27T20:42:36.934Z",
        "user": [
            "yonasasmerom40@gmail.com"
        ],
        "content_type": [
            "core",
            "profile"
        ],
        "object_id": "5",
        "object_repr": "Oscar (tuanvuvan1450@gmail.com)",
        "action_flag": 2,
        "change_message": "[{\"changed\": {\"fields\": [\"Department\"]}}]"
    }
},
{
    "model": "admin.logentry",
    "pk": 72,
    "fields": {
        "action_time": "2024-12-27T21:58:31.971Z",
        "user": [
            "yonasasmerom40@gmail.com"
        ],
        "content_type": [
            "core",
            "profile"
        ],
        "object_id": "8",
        "object_repr": "James (test5@gmail.com)",
        "action_flag": 2,
        "change_message": "[{\"changed\": {\"fields\": [\"password\"]}}]"
    }
},
{
    "model": "admin.logentry",
    "pk": 73,
    "fields": {
        "action_time": "2024-12-27T22:00:37.697Z",
        "user": [
            "yonasasmerom40@gmail.com"
        ],
        "content_type": [
            "core",
            "profile"
        ],
        "object_id": "6",
        "object_repr": "Marcus (test3@gmail.com)",
        "action_flag": 2,
        "change_message": "[{\"changed\": {\"fields\": [\"password\"]}}]"
    }
},
{
    "model": "admin.logentry",
    "pk": 74,
    "fields": {
        "action_time": "2024-12-28T10:22:19.429Z",
        "user": [
            "yonasasmerom40@gmail.com"
        ],
        "content_type": [
            "core",
            "profile"
        ],
        "object_id": "14",
        "object_repr": "Hans (test6@gmail.com)",
        "action_flag": 1,
        "change_message": "[{\"added\": {}}]"
    }
},
{
    "model": "admin.logentry",
    "pk": 75,
    "fields": {
        "action_time": "2024-12-28T10:22:39.479Z",
        "user": [
            "yonasasmerom40@gmail.com"
        ],
        "content_type": [
            "core",
            "employee"
        ],
        "object_id": "12",
        "object_repr": "Hans",
        "action_flag": 1,
        "change_message": "[{\"added\": {}}]"
    }
},
{
    "model": "admin.logentry",
    "pk": 76,
    "fields": {
        "action_time": "2024-12-28T10:26:54.892Z",
        "user": [
            "yonasasmerom40@gmail.com"
        ],
        "content_type": [
            "core",
            "profile"
        ],
        "object_id": "15",
        "object_repr": "Tyson (test02@gmail.com)",
        "action_flag": 1,
        "change_message": "[{\"added\": {}}]"
    }
},
{
    "model": "admin.logentry",
    "pk": 77,
    "fields": {
        "action_time": "2024-12-28T13:18:32.061Z",
        "user": [
            "yonasasmerom40@gmail.com"
        ],
        "content_type": [
            "core",
            "profile"
        ],
        "object_id": "16",
        "object_repr": "Nor (test03@gmail.com)",
        "action_flag": 1,
        "change_message": "[{\"added\": {}}]"
    }
},
{
    "model": "admin.logentry",
    "pk": 78,
    "fields": {
        "action_time": "2024-12-28T13:18:36.819Z",
        "user": [
            "yonasasmerom40@gmail.com"
        ],
        "content_type": [
            "core",
            "employee"
        ],
        "object_id": "13",
        "object_repr": "Nor",
        "action_flag": 1,
        "change_message": "[{\"added\": {}}]"
    }
},
{
    "model": "admin.logentry",
    "pk": 79,
    "fields": {
        "action_time": "2024-12-30T11:24:06.541Z",
        "user": [
            "yonasasmerom40@gmail.com"
        ],
        "content_type": [
            "core",
            "profile"
        ],
        "object_id": "1",
        "object_repr": "Yonas (yonasasmerom40@gmail.com)",
        "action_flag": 2,
        "change_message": "[{\"changed\": {\"fields\": [\"First name\", \"Last name\"]}}]"
    }
},
{
    "model": "admin.logentry",
    "pk": 80,
    "fields": {
        "action_time": "2024-12-31T14:55:42.747Z",
        "user": [
            "yonasasmerom40@gmail.com"
        ],
        "content_type": [
            "core",
            "profile"
        ],
        "object_id": "3",
        "object_repr": "Hanes (test@gmail.com)",
        "action_flag": 2,
        "change_message": "[{\"changed\": {\"fields\": [\"password\"]}}]"
    }
},
{
    "model": "admin.logentry",
    "pk": 81,
    "fields": {
        "action_time": "2024-12-31T14:55:58.548Z",
        "user": [
            "yonasasmerom40@gmail.com"
        ],
        "content_type": [
            "core",
            "profile"
        ],
        "object_id": "14",
        "object_repr": "Hans (test6@gmail.com)",
        "action_flag": 2,
        "change_message": "[{\"changed\": {\"fields\": [\"password\"]}}]"
    }
},
{
    "model": "admin.logentry",
    "pk": 82,
    "fields": {
        "action_time": "2024-12-31T14:56:17.722Z",
        "user": [
            "yonasasmerom40@gmail.com"
        ],
        "content_type": [
            "core",
            "profile"
        ],
        "object_id": "8",
        "object_repr": "James (test5@gmail.com)",
        "action_flag": 2,
        "change_message": "[{\"changed\": {\"fields\": [\"password\"]}}]"
    }
},
{
    "model": "admin.logentry",
    "pk": 83,
    "fields": {
        "action_time": "2024-12-31T14:56:34.709Z",
        "user": [
            "yonasasmerom40@gmail.com"
        ],
        "content_type": [
            "core",
            "profile"
        ],
        "object_id": "2",
        "object_repr": "Jonas (jonasasmer40@gmail.com)",
        "action_flag": 2,
        "change_message": "[{\"changed\": {\"fields\": [\"password\"]}}]"
    }
},
{
    "model": "admin.logentry",
    "pk": 84,
    "fields": {
        "action_time": "2024-12-31T14:56:49.931Z",
        "user": [
            "yonasasmerom40@gmail.com"
        ],
        "content_type": [
            "core",
            "profile"
        ],
        "object_id": "4",
        "object_repr": "Mohammad (test1@gmail.com)",
        "action_flag": 2,
        "change_message": "[{\"changed\": {\"fields\": [\"password\"]}}]"
    }
},
{
    "model": "admin.logentry",
    "pk": 85,
    "fields": {
        "action_time": "2024-12-31T14:57:02.805Z",
        "user": [
            "yonasasmerom40@gmail.com"
        ],
        "content_type": [
            "core",
            "profile"
        ],
        "object_id": "12",
        "object_repr": "Natu (test7@gmail.com)",
        "action_flag": 2,
        "change_message": "[{\"changed\": {\"fields\": [\"password\"]}}]"
    }
},
{
    "model": "admin.logentry",
    "pk": 86,
    "fields": {
        "action_time": "2024-12-31T14:57:18.419Z",
        "user": [
            "yonasasmerom40@gmail.com"
        ],
        "content_type": [
            "core",
            "profile"
        ],
        "object_id": "11",
        "object_repr": "Nicklas (test8@gmail.com)",
        "action_flag": 2,
        "change_message": "[{\"changed\": {\"fields\": [\"password\"]}}]"
    }
},
{
    "model": "admin.logentry",
    "pk": 87,
    "fields": {
        "action_time": "2024-12-31T14:57:32.949Z",
        "user": [
            "yonasasmerom40@gmail.com"
        ],
        "content_type": [
            "core",
            "profile"
        ],
        "object_id": "16",
        "object_repr": "Nor (test03@gmail.com)",
        "action_flag": 2,
        "change_message": "[{\"changed\": {\"fields\": [\"password\"]}}]"
    }
},
{
    "model": "admin.logentry",
    "pk": 88,
    "fields": {
        "action_time": "2024-12-31T14:57:53.827Z",
        "user": [
            "yonasasmerom40@gmail.com"
        ],
        "content_type": [
            "core",
            "profile"
        ],
        "object_id": "5",
        "object_repr": "Oscar (tuanvuvan1450@gmail.com)",
        "action_flag": 2,
        "change_message": "[{\"changed\": {\"fields\": [\"password\"]}}]"
    }
},
{
    "model": "admin.logentry",
    "pk": 89,
    "fields": {
        "action_time": "2025-01-21T10:55:17.262Z",
        "user": [
            "yonasasmerom40@gmail.com"
        ],
        "content_type": [
            "core",
            "profile"
        ],
        "object_id": "5",
        "object_repr": "Oscar (tuanvuvan1450@gmail.com)",
        "action_flag": 2,
        "change_message": "[{\"changed\": {\"fields\": [\"password\"]}}]"
    }
},
{
    "model": "admin.logentry",
    "pk": 90,
    "fields": {
        "action_time": "2025-01-21T11:55:14.876Z",
        "user": [
            "yonasasmerom40@gmail.com"
        ],
        "content_type": [
            "core",
            "profile"
        ],
        "object_id": "3",
        "object_repr": "Hanes (test@gmail.com)",
        "action_flag": 2,
        "change_message": "[{\"changed\": {\"fields\": [\"password\"]}}]"
    }
},
{
    "model": "admin.logentry",
    "pk": 91,
    "fields": {
        "action_time": "2025-01-24T11:42:53.667Z",
        "user": [
            "yonasasmerom40@gmail.com"
        ],
        "content_type": [
            "core",
            "profile"
        ],
        "object_id": "5",
        "object_repr": "Oscar (oscar@tesia.se)",
        "action_flag": 2,
        "change_message": "[{\"changed\": {\"fields\": [\"Email\"]}}]"
    }
},
{
    "model": "admin.logentry",
    "pk": 92,
    "fields": {
        "action_time": "2025-01-24T11:49:52.854Z",
        "user": [
            "yonasasmerom40@gmail.com"
        ],
        "content_type": [
            "core",
            "profile"
        ],
        "object_id": "22",
        "object_repr": "Manager (manager@gmail.com)",
        "action_flag": 1,
        "change_message": "[{\"added\": {}}]"
    }
},
{
    "model": "admin.logentry",
    "pk": 93,
    "fields": {
        "action_time": "2025-01-24T11:54:46.441Z",
        "user": [
            "yonasasmerom40@gmail.com"
        ],
        "content_type": [
            "core",
            "profile"
        ],
        "object_id": "22",
        "object_repr": "Manager (manager@gmail.com)",
        "action_flag": 3,
        "change_message": ""
    }
},
{
    "model": "admin.logentry",
    "pk": 94,
    "fields": {
        "action_time": "2025-01-24T11:55:33.738Z",
        "user": [
            "yonasasmerom40@gmail.com"
        ],
        "content_type": [
            "core",
            "profile"
        ],
        "object_id": "23",
        "object_repr": "Manager (manager@gmail.com)",
        "action_flag": 1,
        "change_message": "[{\"added\": {}}]"
    }
},
{
    "model": "admin.logentry",
    "pk": 95,
    "fields": {
        "action_time": "2025-01-30T09:35:45.300Z",
        "user": [
            "yonasasmerom40@gmail.com"
        ],
        "content_type": [
            "core",
            "profile"
        ],
        "object_id": "3",
        "object_repr": "Hanes (test@gmail.com)",
        "action_flag": 2,
        "change_message": "[{\"changed\": {\"fields\": [\"password\"]}}]"
    }
},
{
    "model": "admin.logentry",
    "pk": 96,
    "fields": {
        "action_time": "2025-01-30T12:49:28.488Z",
        "user": [
            "yonasasmerom40@gmail.com"
        ],
        "content_type": [
            "core",
            "profile"
        ],
        "object_id": "1",
        "object_repr": "Yonas (yonasasmerom40@gmail.com)",
        "action_flag": 2,
        "change_message": "[{\"changed\": {\"fields\": [\"Image\"]}}]"
    }
},
{
    "model": "admin.logentry",
    "pk": 97,
    "fields": {
        "action_time": "2025-02-04T00:09:17.656Z",
        "user": [
            "yonasasmerom40@gmail.com"
        ],
        "content_type": [
            "core",
            "profile"
        ],
        "object_id": "27",
        "object_repr": "Rahel (rahel@gmail.com)",
        "action_flag": 1,
        "change_message": "[{\"added\": {}}]"
    }
},
{
    "model": "admin.logentry",
    "pk": 98,
    "fields": {
        "action_time": "2025-02-04T00:09:57.635Z",
        "user": [
            "yonasasmerom40@gmail.com"
        ],
        "content_type": [
            "core",
            "employee"
        ],
        "object_id": "22",
        "object_repr": "Rahel",
        "action_flag": 1,
        "change_message": "[{\"added\": {}}]"
    }
}
]
